Node1,Node2,Co-occurrence,Strength,NetworkPass1,Order,NetworkPass2Node1,NetworkPass2Node2
Monitoring,Linux,2,0.019607844,0,0,0,0
DevOps,Linux,13,0.097462513,0,0,0,1
Nagios,Linux,1,0.014705882,0,0,0,0
CentOS,Linux,15,0.389273345,2,5,0,0
Debian,Linux,5,0.105042018,0,0,0,0
RedHat,Linux,6,0.176470593,0,0,0,0
DevOps,Monitoring,2,0.013071896,0,0,0,0
Nagios,Monitoring,1,0.083333336,0,0,0,0
CentOS,Monitoring,2,0.039215688,0,0,0,0
Debian,Monitoring,1,0.023809524,0,0,0,0
RedHat,Monitoring,2,0.111111112,0,0,0,0
Nagios,DevOps,2,0.039215688,0,0,0,0
CentOS,DevOps,3,0.010380623,0,0,0,0
Debian,DevOps,3,0.025210084,0,0,0,0
RedHat,DevOps,1,0.003267974,0,0,0,0
CentOS,Nagios,1,0.029411765,0,0,0,0
Debian,Nagios,1,0.071428575,0,0,0,0
RedHat,Nagios,1,0.083333336,0,0,0,0
Debian,CentOS,5,0.210084036,0,0,0,0
RedHat,CentOS,6,0.352941185,0,0,0,0
RedHat,Debian,2,0.095238097,0,0,0,0
Design,Architect,1,0.001715266,0,0,0,0
Visualization,MachineLearning,1,0.008547009,0,0,0,0
Marketing,Developer,3,0.004243282,0,0,0,0
Visualization,Developer,1,0.00330033,0,0,0,0
Visualization,Marketing,1,0.015873017,0,0,0,0
Spark,DataEngineer,3,0.039130434,0,0,0,0
Hive,DataEngineer,1,0.002898551,0,0,0,0
Hive,Spark,2,0.026666667,0,0,0,0
Python,R,6,0.012482663,0,0,0,0
NLP,Programming,2,0.222222224,0,0,0,0
Spark,BigData,9,0.097590365,1,5,0,0
WebApplications,BigData,2,0.024096385,0,0,0,0
WebApplications,Spark,2,0.200000003,0,0,0,0
BigData,Java,12,0.045656309,0,0,0,0
Elasticsearch,Java,4,0.060150377,0,0,0,0
Spring,Java,4,0.08421053,0,0,0,0
Developer,Java,16,0.066701405,6,4,0,0
HTML5,Java,3,0.029605264,0,0,0,0
AmazonWebServices,Java,2,0.013157895,0,0,0,0
Git,Java,3,0.059210528,0,0,0,0
FrontEnd,Java,4,0.016842104,0,0,0,0
Spark,Java,3,0.023684211,0,0,0,0
jQuery,Java,2,0.01754386,0,0,0,0
Monitoring,Java,2,0.01754386,0,0,0,0
Node.js,Java,2,0.052631579,0,0,0,0
AngularJS,Java,2,0.021052632,0,0,0,0
LeSS,Java,5,0.007926443,0,0,0,0
FullStack,Java,2,0.021052632,0,0,0,0
Elasticsearch,BigData,2,0.006884682,0,0,0,0
Spring,BigData,1,0.002409639,0,0,0,0
Developer,BigData,7,0.005845163,0,0,0,0
HTML5,BigData,2,0.006024096,0,0,0,0
AmazonWebServices,BigData,3,0.013554217,0,0,0,0
Git,BigData,2,0.012048192,0,0,0,0
FrontEnd,BigData,2,0.001927711,0,0,0,0
jQuery,BigData,1,0.002008032,0,0,0,0
Monitoring,BigData,2,0.008032128,0,0,0,0
Node.js,BigData,1,0.006024096,0,0,0,0
AngularJS,BigData,2,0.009638554,0,0,0,0
LeSS,BigData,2,5.81E-04,0,0,0,0
FullStack,BigData,1,0.002409639,0,0,0,0
Spring,Elasticsearch,1,0.028571429,0,0,0,0
Developer,Elasticsearch,1,0.001414427,0,0,0,0
HTML5,Elasticsearch,2,0.071428575,0,0,0,0
AmazonWebServices,Elasticsearch,1,0.017857144,0,0,0,0
Git,Elasticsearch,1,0.035714287,0,0,0,0
FrontEnd,Elasticsearch,1,0.005714286,0,0,0,0
Spark,Elasticsearch,1,0.014285714,0,0,0,0
jQuery,Elasticsearch,1,0.023809524,0,0,0,0
Monitoring,Elasticsearch,1,0.023809524,0,0,0,0
Node.js,Elasticsearch,2,0.285714298,0,0,0,0
AngularJS,Elasticsearch,2,0.114285715,0,0,0,0
LeSS,Elasticsearch,1,0.00172117,0,0,0,0
FullStack,Elasticsearch,1,0.028571429,0,0,0,0
Developer,Spring,4,0.031683169,0,0,0,0
HTML5,Spring,1,0.025,0,0,0,0
AmazonWebServices,Spring,1,0.025,0,0,0,0
Git,Spring,1,0.050000001,0,0,0,0
FrontEnd,Spring,2,0.032000002,0,0,0,0
Spark,Spring,1,0.02,0,0,0,0
jQuery,Spring,1,0.033333335,0,0,0,0
Monitoring,Spring,1,0.033333335,0,0,0,0
Node.js,Spring,1,0.100000001,0,0,0,0
AngularJS,Spring,1,0.039999999,0,0,0,0
LeSS,Spring,1,0.002409639,0,0,0,0
FullStack,Spring,1,0.039999999,0,0,0,0
HTML5,Developer,4,0.01980198,0,0,0,0
AmazonWebServices,Developer,1,0.001237624,0,0,0,0
Git,Developer,1,0.002475247,0,0,0,0
FrontEnd,Developer,11,0.047920793,0,0,0,0
Spark,Developer,2,0.003960396,0,0,0,0
jQuery,Developer,5,0.041254126,0,0,0,0
Monitoring,Developer,2,0.00660066,0,0,0,0
Node.js,Developer,1,0.004950495,0,0,0,0
AngularJS,Developer,2,0.007920792,0,0,0,0
LeSS,Developer,24,0.068710484,0,0,1,0
FullStack,Developer,4,0.031683169,0,0,0,0
AmazonWebServices,HTML5,1,0.015625,0,0,0,0
Git,HTML5,1,0.03125,0,0,0,0
FrontEnd,HTML5,6,0.180000007,0,0,0,0
Spark,HTML5,1,0.0125,0,0,0,0
jQuery,HTML5,3,0.1875,0,0,0,0
Monitoring,HTML5,1,0.020833334,0,0,0,0
Node.js,HTML5,1,0.0625,0,0,0,0
AngularJS,HTML5,2,0.100000001,0,0,0,0
LeSS,HTML5,7,0.073795177,0,0,0,0
FullStack,HTML5,1,0.025,0,0,0,0
Git,AmazonWebServices,1,0.03125,0,0,0,0
FrontEnd,AmazonWebServices,1,0.005,0,0,0,0
Spark,AmazonWebServices,1,0.0125,0,0,0,0
jQuery,AmazonWebServices,1,0.020833334,0,0,0,0
Monitoring,AmazonWebServices,1,0.020833334,0,0,0,0
Node.js,AmazonWebServices,1,0.0625,0,0,0,0
AngularJS,AmazonWebServices,1,0.025,0,0,0,0
LeSS,AmazonWebServices,2,0.006024096,0,0,0,0
FullStack,AmazonWebServices,1,0.025,0,0,0,0
FrontEnd,Git,2,0.039999999,0,0,0,0
Spark,Git,2,0.100000001,0,0,0,0
jQuery,Git,1,0.041666668,0,0,0,0
Monitoring,Git,1,0.041666668,0,0,0,0
Node.js,Git,1,0.125,0,0,0,0
AngularJS,Git,1,0.050000001,0,0,0,0
LeSS,Git,2,0.012048192,0,0,0,0
FullStack,Git,1,0.050000001,0,0,0,0
Spark,FrontEnd,2,0.016000001,0,0,0,0
jQuery,FrontEnd,3,0.059999999,0,0,0,0
Monitoring,FrontEnd,1,0.006666667,0,0,0,0
Node.js,FrontEnd,1,0.02,0,0,0,0
AngularJS,FrontEnd,3,0.071999997,0,0,0,0
LeSS,FrontEnd,16,0.123373494,0,0,0,0
FullStack,FrontEnd,1,0.008,0,0,0,0
jQuery,Spark,1,0.016666668,0,0,0,0
Monitoring,Spark,2,0.06666667,0,0,0,0
Node.js,Spark,1,0.050000001,0,0,0,0
AngularJS,Spark,1,0.02,0,0,0,0
LeSS,Spark,1,0.001204819,0,0,0,0
FullStack,Spark,1,0.02,0,0,0,0
Monitoring,jQuery,1,0.027777778,0,0,0,0
Node.js,jQuery,1,0.083333336,0,0,0,0
AngularJS,jQuery,1,0.033333335,0,0,0,0
LeSS,jQuery,6,0.072289154,0,0,0,0
FullStack,jQuery,1,0.033333335,0,0,0,0
Node.js,Monitoring,1,0.083333336,0,0,0,0
AngularJS,Monitoring,1,0.033333335,0,0,0,0
LeSS,Monitoring,3,0.018072288,0,0,0,0
FullStack,Monitoring,1,0.033333335,0,0,0,0
AngularJS,Node.js,1,0.100000001,0,0,0,0
LeSS,Node.js,1,0.006024096,0,0,0,0
FullStack,Node.js,1,0.100000001,0,0,0,0
LeSS,AngularJS,3,0.021686748,0,0,0,0
FullStack,AngularJS,2,0.159999996,0,0,0,0
FullStack,LeSS,4,0.038554218,0,0,0,0
SQL,BigData,3,0.009036144,0,0,0,0
DataEngineer,BigData,4,0.008381352,0,0,0,0
Hadoop,BigData,12,0.0559658,1,4,0,0
R,BigData,20,0.046789099,0,0,0,0
Cloud,BigData,17,0.053568117,0,0,0,1
Scala,BigData,2,0.008032128,0,0,0,0
Python,BigData,5,0.010757315,0,0,0,0
DataEngineer,SQL,7,0.177536234,0,0,0,0
Hadoop,SQL,7,0.131720424,0,0,0,0
R,SQL,3,0.007281553,0,0,0,0
Cloud,SQL,2,0.005128205,0,0,0,0
Scala,SQL,2,0.055555556,0,0,0,0
Python,SQL,2,0.011904762,0,0,0,0
Spark,SQL,3,0.075000003,0,0,0,0
Hadoop,DataEngineer,8,0.08976157,1,3,0,0
R,DataEngineer,6,0.015196285,0,0,0,0
Cloud,DataEngineer,3,0.006020067,0,0,0,0
Scala,DataEngineer,2,0.028985508,0,0,0,0
Python,DataEngineer,2,0.00621118,0,0,0,0
R,Hadoop,6,0.011274664,0,0,0,0
Cloud,Hadoop,9,0.040198512,0,0,0,0
Scala,Hadoop,3,0.048387095,0,0,0,0
Python,Hadoop,3,0.010368664,0,0,0,0
Spark,Hadoop,3,0.029032258,0,0,0,0
Cloud,R,3,0.001344287,0,0,0,0
Scala,R,3,0.014563107,0,0,0,0
Spark,R,3,0.008737864,0,0,0,0
Scala,Cloud,3,0.023076924,0,0,0,0
Python,Cloud,9,0.044505496,0,0,0,0
Spark,Cloud,2,0.006153846,0,0,0,0
Python,Scala,3,0.053571429,0,0,0,0
Spark,Scala,2,0.06666667,0,0,0,0
Spark,Python,2,0.014285714,0,0,0,0
Development,Design,8,0.027444255,5,5,0,0
Simulation,Design,1,0.009433962,0,0,0,0
RiskManagement,Design,1,0.006289308,0,0,0,0
Statistics,Design,2,0.010781671,0,0,0,0
Simulation,Development,1,0.011363637,0,0,0,0
RiskManagement,Development,2,0.030303031,0,0,0,0
Statistics,Development,1,0.003246753,0,0,0,0
RiskManagement,Simulation,1,0.166666672,0,0,0,0
Statistics,Simulation,2,0.285714298,0,0,0,0
Statistics,RiskManagement,1,0.047619049,0,0,0,0
BusinessIntelligence,DataWarehouse,2,0.042105265,0,0,0,0
Cloud,Developer,21,0.067174412,6,3,0,0
Development,Developer,17,0.065031506,0,0,1,0
DataScience,Developer,1,4.71E-04,0,0,0,0
Prototype,Developer,1,0.004950495,0,0,0,0
Development,Cloud,11,0.042307694,0,0,1,0
DataScience,Cloud,1,7.33E-04,0,0,0,0
Prototype,Cloud,1,0.007692308,0,0,0,0
DataScience,Development,2,0.004329004,0,0,0,0
Prototype,Development,1,0.011363637,0,0,0,0
Prototype,DataScience,1,0.023809524,0,0,0,0
Testing,Linux,1,0.014705882,0,0,0,0
Testing,CentOS,1,0.029411765,0,0,0,0
RedHat,Testing,1,0.083333336,0,0,0,0
Design,Developer,7,0.009153745,0,0,0,0
CSS,Developer,15,0.092821784,0,0,1,0
Sass,Developer,13,0.0796794,0,0,1,0
ResponsiveDesign,Developer,1,0.00990099,0,0,0,0
CSS,Design,3,0.007075472,0,0,0,0
FrontEnd,Design,3,0.006792453,0,0,0,0
Sass,Design,1,8.98E-04,0,0,0,0
LeSS,Design,5,0.00568311,0,0,0,0
ResponsiveDesign,Design,1,0.018867925,0,0,0,0
FrontEnd,CSS,10,0.166666672,4,5,0,0
Sass,CSS,14,0.388888896,4,2,0,0
LeSS,CSS,21,0.221385539,4,4,0,0
ResponsiveDesign,CSS,1,0.041666668,0,0,0,0
Sass,FrontEnd,10,0.190476194,0,0,0,0
ResponsiveDesign,FrontEnd,1,0.039999999,0,0,0,0
LeSS,Sass,21,0.253012061,0,0,0,0
ResponsiveDesign,Sass,1,0.047619049,0,0,0,0
ResponsiveDesign,LeSS,1,0.012048192,0,0,0,0
RubyOnRails,Developer,1,0.004950495,0,0,0,0
TDD,Developer,1,0.00990099,0,0,0,0
TDD,RubyOnRails,1,0.5,0,0,0,0
Cloud,Design,8,0.018577648,0,0,0,0
Statistics,Cloud,1,0.002197802,0,0,0,0
MachineLearning,Developer,9,0.020563595,0,0,0,0
Network,Developer,5,0.022502251,0,0,0,0
Network,MachineLearning,2,0.00932401,0,0,0,0
DataMining,BigData,3,0.006378455,0,0,0,0
AWS,Cloud,7,0.075384617,0,0,0,0
Modeling,Cloud,2,0.008791209,0,0,0,0
AmazonWebServices,Cloud,5,0.048076924,0,0,0,0
Modeling,AWS,2,0.057142857,0,0,0,0
AmazonWebServices,AWS,4,0.200000003,0,0,0,0
AmazonWebServices,Modeling,2,0.071428575,0,0,0,0
Excel,SQL,1,0.020833334,0,0,0,0
BusinessIntelligence,SQL,1,0.004385965,0,0,0,0
Tableau,SQL,1,0.041666668,0,0,0,0
ETL,SQL,1,0.011904762,0,0,0,0
DataMining,SQL,1,0.004901961,0,0,0,0
OLAP,SQL,1,0.083333336,0,0,0,0
BusinessIntelligence,Excel,2,0.052631579,0,0,0,0
Tableau,Excel,1,0.125,0,0,0,0
ETL,Excel,1,0.035714287,0,0,0,0
DataMining,Excel,1,0.014705882,0,0,0,0
OLAP,Excel,1,0.25,0,0,0,0
Tableau,BusinessIntelligence,1,0.02631579,0,0,0,0
ETL,BusinessIntelligence,2,0.030075189,0,0,0,0
DataMining,BusinessIntelligence,3,0.027863776,0,0,0,0
OLAP,BusinessIntelligence,1,0.052631579,0,0,0,0
ETL,Tableau,1,0.071428575,0,0,0,0
DataMining,Tableau,1,0.029411765,0,0,0,0
OLAP,Tableau,1,0.5,0,0,0,0
DataMining,ETL,1,0.008403362,0,0,0,0
OLAP,ETL,1,0.142857149,0,0,0,0
OLAP,DataMining,1,0.05882353,0,0,0,0
Simulation,Modeling,1,0.071428575,0,0,0,0
Statistics,Modeling,1,0.020408163,0,0,0,0
SQL,NoSQL,6,0.333333343,0,0,0,0
DataEngineer,NoSQL,5,0.12077295,0,0,0,0
Hadoop,NoSQL,7,0.175627246,0,0,0,0
DataScience,NoSQL,2,0.021164021,0,0,0,0
MachineLearning,NoSQL,6,0.102564104,0,0,0,0
ComputerScience,NoSQL,2,0.049382716,0,0,0,0
DataScience,SQL,2,0.015873017,0,0,0,0
MachineLearning,SQL,5,0.053418804,0,0,0,0
ComputerScience,SQL,2,0.037037037,0,0,0,0
DataScience,DataEngineer,2,0.008281574,0,0,0,0
MachineLearning,DataEngineer,4,0.017837236,0,0,0,0
ComputerScience,DataEngineer,3,0.043478262,0,0,0,0
DataScience,Hadoop,3,0.013824885,0,0,0,0
MachineLearning,Hadoop,7,0.040529363,0,0,0,0
ComputerScience,Hadoop,3,0.032258064,0,0,0,0
MachineLearning,DataScience,15,0.274725288,5,1,0,0
ComputerScience,DataScience,2,0.021164021,0,0,0,0
ComputerScience,MachineLearning,3,0.025641026,0,0,0,0
Marketing,PHP,1,0.003968254,0,0,0,0
MachineLearning,Development,3,0.005244755,0,0,0,0
Network,Development,4,0.03305785,0,0,0,0
JavaScript,Developer,12,0.061988808,0,0,0,0
Mahout,BigData,2,0.016064256,0,0,0,0
Pig,BigData,7,0.036897589,0,0,0,0
Hive,BigData,8,0.051405624,0,0,0,0
HBase,BigData,4,0.048192769,0,0,0,0
Cassandra,BigData,3,0.021686748,0,0,0,0
Mahout,Hadoop,3,0.096774191,0,0,0,0
Pig,Hadoop,13,0.340725809,0,0,0,0
Hive,Hadoop,14,0.421505362,1,2,0,0
HBase,Hadoop,4,0.129032254,0,0,0,0
Cassandra,Hadoop,3,0.058064517,0,0,0,0
Pig,Mahout,3,0.1875,0,0,0,0
Hive,Mahout,3,0.200000003,0,0,0,0
HBase,Mahout,2,0.333333343,0,0,0,0
Cassandra,Mahout,2,0.266666681,0,0,0,0
Hive,Pig,13,0.704166651,1,1,0,0
HBase,Pig,4,0.25,0,0,0,0
Cassandra,Pig,3,0.112499997,0,0,0,0
HBase,Hive,4,0.266666681,0,0,0,0
Cassandra,Hive,3,0.119999997,0,0,0,0
Cassandra,HBase,2,0.200000003,0,0,0,0
Design,DataEngineer,3,0.007383101,0,0,0,0
C++,C,5,0.25252524,0,0,0,0
R,C,3,0.007943513,0,0,0,0
Development,C,1,0.002066116,0,0,0,0
MATLAB,C,1,0.045454547,0,0,0,0
Python,C,3,0.029220778,0,0,0,0
R,C++,2,0.004314994,0,0,0,0
Development,C++,1,0.002525253,0,0,0,0
MATLAB,C++,1,0.055555556,0,0,0,0
Python,C++,2,0.015873017,0,0,0,0
Development,R,3,0.001985878,0,0,0,0
MATLAB,R,2,0.019417476,0,0,0,0
MATLAB,Development,1,0.011363637,0,0,0,0
Python,Development,6,0.029220778,0,0,0,0
Python,MATLAB,1,0.017857144,0,0,0,0
Marketing,R,3,0.004160888,0,0,0,0
SoftwareEngineer,Java,3,0.018218623,0,0,0,0
SoftwareEngineer,BigData,3,0.008341056,0,0,0,0
Security,Java,3,0.010765551,0,0,0,0
Security,Elasticsearch,1,0.006493506,0,0,0,0
SPSS,R,2,0.019417476,0,0,0,0
RiskManagement,R,1,0.003236246,0,0,0,0
SPSS,Development,1,0.011363637,0,0,0,0
Marketing,Development,1,0.001082251,0,0,0,0
Marketing,SPSS,1,0.023809524,0,0,0,0
RiskManagement,SPSS,1,0.166666672,0,0,0,0
RiskManagement,Marketing,1,0.015873017,0,0,0,0
Ansible,Java,3,0.009868421,0,0,0,0
Ansible,BigData,1,5.02E-04,0,0,0,0
Ansible,Spark,1,0.004166667,0,0,0,0
Ansible,Monitoring,1,0.006944444,0,0,0,0
WebApplications,Developer,1,0.004950495,0,0,0,0
WebApplications,FrontEnd,1,0.02,0,0,0,0
Programming,Hadoop,2,0.014336918,0,0,0,0
Statistics,Hadoop,1,0.004608295,0,0,0,0
Math,Hadoop,1,0.016129032,0,0,0,0
Programming,R,2,0.004314994,0,0,0,0
Mahout,R,1,0.003236246,0,0,0,0
Pig,R,2,0.002427184,0,0,0,0
Hive,R,1,6.47E-04,0,0,0,0
ComputerScience,R,2,0.004314994,0,0,0,0
Statistics,R,2,0.00554785,0,0,0,0
Math,R,1,0.004854369,0,0,0,0
Mahout,Programming,1,0.037037037,0,0,0,0
Scala,Programming,1,0.018518519,0,0,0,0
Pig,Programming,2,0.027777778,0,0,0,0
Hive,Programming,2,0.029629629,0,0,0,0
ComputerScience,Programming,2,0.049382716,0,0,0,0
Statistics,Programming,2,0.063492067,0,0,0,0
Math,Programming,1,0.055555556,0,0,0,0
Scala,Mahout,1,0.055555556,0,0,0,0
ComputerScience,Mahout,1,0.037037037,0,0,0,0
Statistics,Mahout,1,0.047619049,0,0,0,0
Math,Mahout,1,0.166666672,0,0,0,0
Pig,Scala,1,0.010416667,0,0,0,0
Hive,Scala,1,0.011111111,0,0,0,0
ComputerScience,Scala,1,0.018518519,0,0,0,0
Statistics,Scala,1,0.023809524,0,0,0,0
Math,Scala,1,0.083333336,0,0,0,0
ComputerScience,Pig,1,0.006944444,0,0,0,0
Statistics,Pig,1,0.008928572,0,0,0,0
Math,Pig,1,0.03125,0,0,0,0
ComputerScience,Hive,1,0.007407407,0,0,0,0
Statistics,Hive,1,0.00952381,0,0,0,0
Math,Hive,1,0.033333335,0,0,0,0
Statistics,ComputerScience,3,0.142857149,0,0,0,0
Math,ComputerScience,1,0.055555556,0,0,0,0
Math,Statistics,1,0.071428575,0,0,0,0
RDF,Java,1,0.02631579,0,0,0,0
Database,Java,2,0.021052632,0,0,0,0
SQL,Java,1,0.002192982,0,0,0,0
Developer,RDF,1,0.00990099,0,0,0,0
Database,RDF,1,0.200000003,0,0,0,0
SQL,RDF,1,0.083333336,0,0,0,0
Database,Developer,2,0.007920792,0,0,0,0
SQL,Developer,1,8.25E-04,0,0,0,0
SQL,Database,2,0.06666667,0,0,0,0
Memcached,PHP,4,0.266666681,0,0,0,0
Varnish,Cloud,1,0.007692308,0,0,0,0
Nagios,Cloud,1,0.007692308,0,0,0,0
Ansible,Cloud,10,0.064102568,0,0,1,0
DevOps,Cloud,34,0.348717958,0,0,1,1
Nginx,Cloud,1,0.007692308,0,0,0,0
RabbitMQ,Cloud,2,0.030769231,0,0,0,0
MySQL,Cloud,1,0.002197802,0,0,0,0
MongoDB,Cloud,2,0.015384615,0,0,0,0
Memcached,Cloud,1,0.003076923,0,0,0,0
Varnish,Memcached,1,0.100000001,0,0,0,0
Nagios,Memcached,1,0.100000001,0,0,0,0
Ansible,Memcached,1,0.008333334,0,0,0,0
DevOps,Memcached,1,0.003921569,0,0,0,0
Nginx,Memcached,1,0.100000001,0,0,0,0
RabbitMQ,Memcached,1,0.100000001,0,0,0,0
MySQL,Memcached,1,0.028571429,0,0,0,0
MongoDB,Memcached,1,0.050000001,0,0,0,0
Varnish,MongoDB,1,0.125,0,0,0,0
Nagios,MongoDB,1,0.125,0,0,0,0
Ansible,MongoDB,2,0.041666668,0,0,0,0
DevOps,MongoDB,1,0.004901961,0,0,0,0
Nginx,MongoDB,1,0.125,0,0,0,0
RabbitMQ,MongoDB,2,0.5,0,0,0,0
MySQL,MongoDB,3,0.321428567,0,0,0,0
Varnish,MySQL,1,0.071428575,0,0,0,0
Nagios,MySQL,1,0.071428575,0,0,0,0
Ansible,MySQL,1,0.005952381,0,0,0,0
DevOps,MySQL,1,0.002801121,0,0,0,0
Nginx,MySQL,1,0.071428575,0,0,0,0
RabbitMQ,MySQL,1,0.071428575,0,0,0,0
Varnish,RabbitMQ,1,0.25,0,0,0,0
Nagios,RabbitMQ,1,0.25,0,0,0,0
Ansible,RabbitMQ,2,0.083333336,0,0,0,0
DevOps,RabbitMQ,1,0.009803922,0,0,0,0
Nginx,RabbitMQ,1,0.25,0,0,0,0
Varnish,Nginx,1,0.25,0,0,0,0
Nagios,Nginx,1,0.25,0,0,0,0
Ansible,Nginx,2,0.083333336,0,0,0,0
DevOps,Nginx,2,0.039215688,0,0,0,0
Varnish,DevOps,1,0.009803922,0,0,0,0
Ansible,DevOps,7,0.040032681,0,0,0,0
Varnish,Ansible,1,0.020833334,0,0,0,0
Nagios,Ansible,1,0.020833334,0,0,0,0
Varnish,Nagios,1,0.25,0,0,0,0
ERP,Developer,4,0.015841585,0,0,0,0
ERP,Design,1,0.001886792,0,0,0,0
MachineLearning,Design,10,0.048379295,0,0,0,0
ERP,Cloud,1,0.001538462,0,0,0,0
MachineLearning,Cloud,1,3.94E-04,0,0,0,0
ERP,MachineLearning,1,0.002564103,0,0,0,0
Finance,Development,1,0.003787879,0,0,0,0
Modeling,C,1,0.012987013,0,0,0,0
Modeling,C++,1,0.015873017,0,0,0,0
Python,Modeling,2,0.020408163,0,0,0,0
Excel,Design,2,0.018867925,0,0,0,0
Visio,Design,2,0.03773585,0,0,0,0
UX,Design,8,0.109777018,5,4,0,0
Adobe,Design,3,0.056603774,0,0,0,0
Tools,Design,5,0.029481132,0,0,0,0
Excel,Tools,2,0.0625,0,0,0,0
Visio,Tools,2,0.125,0,0,0,0
UX,Tools,2,0.022727273,0,0,0,0
Adobe,Tools,3,0.1875,0,0,0,0
Excel,Adobe,2,0.333333343,0,0,0,0
Visio,Adobe,2,0.666666687,0,0,0,0
UX,Adobe,2,0.121212125,0,0,0,0
Excel,UX,2,0.090909094,0,0,0,0
Visio,UX,2,0.181818187,0,0,0,0
Excel,Visio,2,0.5,0,0,0,0
R,Design,5,0.004579593,0,0,0,0
UX,R,1,8.83E-04,0,0,0,0
UI,Design,9,0.117561683,5,3,0,0
UI,UX,6,0.251748264,0,0,0,0
Balsamiq,Design,1,0.018867925,0,0,0,0
UserInterface,Design,1,0.018867925,0,0,0,0
Balsamiq,Tools,1,0.0625,0,0,0,0
UI,Tools,2,0.01923077,0,0,0,0
UserInterface,Tools,1,0.0625,0,0,0,0
Balsamiq,Adobe,1,0.333333343,0,0,0,0
UI,Adobe,1,0.025641026,0,0,0,0
UserInterface,Adobe,1,0.333333343,0,0,0,0
Balsamiq,UserInterface,1,1,0,0,0,0
UI,UserInterface,1,0.07692308,0,0,0,0
Balsamiq,UI,1,0.07692308,0,0,0,0
Unity,Developer,2,0.01980198,0,0,0,0
Photoshop,Design,1,0.018867925,0,0,0,0
Photoshop,Tools,1,0.0625,0,0,0,0
R,Tools,5,0.015169903,0,0,0,0
UI,R,2,0.002987304,0,0,0,0
Photoshop,R,1,0.009708738,0,0,0,0
UI,Photoshop,1,0.07692308,0,0,0,0
React,Programming,2,0.111111112,0,0,0,0
FrontEnd,Programming,2,0.017777778,0,0,0,0
React,FrontEnd,3,0.090000004,0,0,0,0
Python,Java,4,0.015037594,0,0,0,0
JavaScript,Java,6,0.041189931,0,0,0,0
Python,Developer,11,0.042786423,0,0,0,0
Python,JavaScript,2,0.00621118,0,0,0,0
Prototype,Design,1,0.009433962,0,0,0,0
UI,Prototype,1,0.03846154,0,0,0,0
UX,Prototype,1,0.045454547,0,0,0,0
Debian,Java,2,0.015037594,0,0,0,0
CentOS,Java,6,0.055727553,0,0,0,0
DevOps,Java,3,0.004643963,0,0,0,0
PHP,Java,1,0.002192982,0,0,0,0
Debian,Elasticsearch,1,0.020408163,0,0,0,0
CentOS,Elasticsearch,1,0.008403362,0,0,0,0
DevOps,Elasticsearch,1,0.002801121,0,0,0,0
Python,Elasticsearch,1,0.005102041,0,0,0,0
JavaScript,Elasticsearch,2,0.024844721,0,0,0,0
PHP,Elasticsearch,1,0.011904762,0,0,0,0
Debian,PHP,2,0.047619049,0,0,0,0
CentOS,PHP,1,0.004901961,0,0,0,0
DevOps,PHP,1,0.001633987,0,0,0,0
Node.js,PHP,1,0.041666668,0,0,0,0
Python,PHP,1,0.002976191,0,0,0,0
JavaScript,PHP,4,0.057971016,0,0,0,0
Debian,JavaScript,1,0.00621118,0,0,0,0
CentOS,JavaScript,1,0.002557545,0,0,0,0
DevOps,JavaScript,1,8.53E-04,0,0,0,0
Node.js,JavaScript,1,0.021739131,0,0,0,0
Debian,Python,1,0.005102041,0,0,0,0
CentOS,Python,2,0.008403362,0,0,0,0
DevOps,Python,3,0.006302521,0,0,0,0
Node.js,Python,1,0.017857144,0,0,0,0
Debian,Node.js,1,0.071428575,0,0,0,0
CentOS,Node.js,1,0.029411765,0,0,0,0
DevOps,Node.js,1,0.009803922,0,0,0,0
SystemAdministration,Linux,1,0.014705882,0,0,0,0
RHEL,Linux,5,0.12254902,0,0,0,0
Ruby,Linux,1,0.014705882,0,0,0,0
Python,Linux,6,0.037815128,0,0,0,0
Bash,Linux,4,0.078431375,0,0,0,0
SystemAdministration,Bash,1,0.083333336,0,0,0,0
RHEL,Bash,1,0.027777778,0,0,0,0
Ruby,Bash,1,0.083333336,0,0,0,0
CentOS,Bash,1,0.009803922,0,0,0,0
Python,Bash,6,0.214285716,0,0,0,0
SystemAdministration,Python,1,0.017857144,0,0,0,0
RHEL,Python,1,0.005952381,0,0,0,0
Ruby,Python,2,0.071428575,0,0,0,0
SystemAdministration,CentOS,1,0.029411765,0,0,0,0
RHEL,CentOS,6,0.352941185,0,0,0,0
Ruby,CentOS,1,0.029411765,0,0,0,0
SystemAdministration,Ruby,1,0.25,0,0,0,0
RHEL,Ruby,1,0.083333336,0,0,0,0
SystemAdministration,RHEL,1,0.083333336,0,0,0,0
MySQL,Linux,2,0.016806724,0,0,0,0
RHEL,MySQL,1,0.023809524,0,0,0,0
CentOS,MySQL,2,0.033613447,0,0,0,0
Puppet,Linux,11,0.187306508,0,0,0,0
CentOS,Puppet,3,0.027863776,0,0,0,0
MySQL,Puppet,1,0.007518797,0,0,0,0
Hardware,Java,1,0.013157895,0,0,0,0
Nginx,Java,1,0.013157895,0,0,0,0
Linux,Java,6,0.027863776,0,0,0,0
Apache,Java,1,0.004385965,0,0,0,0
Debian,Apache,2,0.095238097,0,0,0,0
Hardware,Apache,1,0.083333336,0,0,0,0
CentOS,Apache,2,0.039215688,0,0,0,0
Ansible,Apache,3,0.0625,0,0,0,0
DevOps,Apache,1,0.003267974,0,0,0,0
Nginx,Apache,1,0.083333336,0,0,0,0
Linux,Apache,4,0.078431375,0,0,0,0
Hardware,Linux,1,0.014705882,0,0,0,0
Ansible,Linux,10,0.12254902,0,0,0,0
Nginx,Linux,1,0.014705882,0,0,0,0
Debian,Nginx,1,0.071428575,0,0,0,0
Hardware,Nginx,1,0.25,0,0,0,0
CentOS,Nginx,1,0.029411765,0,0,0,0
Hardware,DevOps,1,0.009803922,0,0,0,0
Debian,Ansible,3,0.053571429,0,0,0,0
Hardware,Ansible,1,0.020833334,0,0,0,0
CentOS,Ansible,1,0.00245098,0,0,0,0
Hardware,CentOS,1,0.029411765,0,0,0,0
Debian,Hardware,1,0.071428575,0,0,0,0
Administrator,Linux,2,0.039215688,0,0,0,0
RedHat,Administrator,1,0.055555556,0,0,0,0
Debian,Administrator,2,0.190476194,0,0,0,0
CentOS,Administrator,2,0.078431375,0,0,0,0
Swing,Java,2,0.052631579,0,0,0,0
Swing,Linux,2,0.05882353,0,0,0,0
Swing,CentOS,2,0.117647059,0,0,0,0
RHEL,Java,1,0.004385965,0,0,0,0
Hive,Java,3,0.015789473,0,0,0,0
Pig,Java,3,0.014802632,0,0,0,0
MapReduce,Java,3,0.039473683,0,0,0,0
RedHat,Java,1,0.004385965,0,0,0,0
Hadoop,Java,3,0.007640068,0,0,0,0
MapReduce,BigData,2,0.008032128,0,0,0,0
RedHat,BigData,1,0.002008032,0,0,0,0
CentOS,BigData,1,7.09E-04,0,0,0,0
Linux,BigData,4,0.005669738,0,0,0,0
Hive,Developer,4,0.010561056,0,0,0,0
Pig,Developer,4,0.00990099,0,0,0,0
MapReduce,Developer,4,0.026402641,0,0,0,0
RedHat,Developer,1,0.001650165,0,0,0,0
CentOS,Developer,1,5.82E-04,0,0,0,0
Linux,Developer,1,2.91E-04,0,0,0,0
Hadoop,Developer,5,0.00798467,0,0,0,0
MapReduce,Hadoop,6,0.193548381,0,0,0,0
RedHat,Hadoop,1,0.005376344,0,0,0,0
CentOS,Hadoop,1,0.001897533,0,0,0,0
Linux,Hadoop,7,0.046489563,0,0,0,0
Hive,Linux,2,0.007843138,0,0,0,0
Pig,Linux,2,0.007352941,0,0,0,0
MapReduce,Linux,1,0.004901961,0,0,0,0
Hive,CentOS,1,0.003921569,0,0,0,0
Pig,CentOS,1,0.003676471,0,0,0,0
MapReduce,CentOS,1,0.009803922,0,0,0,0
Hive,RedHat,1,0.011111111,0,0,0,0
Pig,RedHat,1,0.010416667,0,0,0,0
MapReduce,RedHat,1,0.027777778,0,0,0,0
Hive,MapReduce,6,0.400000006,0,0,0,0
Pig,MapReduce,6,0.375,0,0,0,0
RHEL,Oracle,1,0.055555556,0,0,0,0
RedHat,Oracle,1,0.055555556,0,0,0,0
CentOS,Oracle,1,0.019607844,0,0,0,0
Puppet,Oracle,1,0.01754386,0,0,0,0
Linux,Oracle,1,0.009803922,0,0,0,0
RHEL,Puppet,1,0.00877193,0,0,0,0
RedHat,Puppet,2,0.03508772,0,0,0,0
RHEL,RedHat,1,0.027777778,0,0,0,0
Monitoring,Puppet,1,0.00877193,0,0,0,0
RubyOnRails,CentOS,1,0.029411765,0,0,0,0
RubyOnRails,RHEL,1,0.083333336,0,0,0,0
VMware,Linux,3,0.044117648,0,0,0,0
VMware,CentOS,1,0.009803922,0,0,0,0
VMware,RHEL,1,0.027777778,0,0,0,0
Win32,C++,4,0.355555564,0,0,0,0
Delphi,Design,2,0.03773585,0,0,0,0
Win32,Design,2,0.01509434,0,0,0,0
API,Design,2,0.03773585,0,0,0,0
C++,Design,2,0.008385744,0,0,0,0
Delphi,C++,2,0.222222224,0,0,0,0
API,C++,2,0.222222224,0,0,0,0
Delphi,API,2,1,0,0,0,0
Win32,API,2,0.400000006,0,0,0,0
Delphi,Win32,2,0.400000006,0,0,0,0
C+,C,1,0.090909094,0,0,0,0
Win32,C,1,0.018181818,0,0,0,0
.Net,C,1,0.090909094,0,0,0,0
C+,.Net,1,1,0,0,0,0
Win32,.Net,1,0.200000003,0,0,0,0
C+,Win32,1,0.200000003,0,0,0,0
Impala,Hadoop,3,0.096774191,0,0,0,0
Git,Hadoop,1,0.008064516,0,0,0,0
SVN,Hadoop,1,0.032258064,0,0,0,0
Impala,SVN,1,0.333333343,0,0,0,0
Hive,SVN,1,0.06666667,0,0,0,0
Pig,SVN,1,0.0625,0,0,0,0
Git,SVN,1,0.25,0,0,0,0
Linux,SVN,1,0.029411765,0,0,0,0
Impala,Linux,1,0.009803922,0,0,0,0
Git,Linux,2,0.029411765,0,0,0,0
Impala,Git,1,0.083333336,0,0,0,0
Hive,Git,1,0.016666668,0,0,0,0
Pig,Git,1,0.015625,0,0,0,0
Impala,Pig,3,0.1875,0,0,0,0
Impala,Hive,3,0.200000003,0,0,0,0
ElasticMapReduce,BigData,1,0.012048192,0,0,0,0
DistributedComputing,BigData,1,0.012048192,0,0,0,0
Storage,BigData,1,0.004016064,0,0,0,0
Development,BigData,7,0.013417305,0,0,0,0
AWS,BigData,1,0.001204819,0,0,0,0
Design,BigData,12,0.032734711,0,0,0,0
Database,BigData,2,0.009638554,0,0,0,0
Apache,BigData,1,0.002008032,0,0,0,0
DataWarehouse,BigData,1,0.002409639,0,0,0,0
ElasticMapReduce,DataWarehouse,1,0.200000003,0,0,0,0
DistributedComputing,DataWarehouse,1,0.200000003,0,0,0,0
Hive,DataWarehouse,1,0.013333334,0,0,0,0
Pig,DataWarehouse,1,0.0125,0,0,0,0
Storage,DataWarehouse,1,0.06666667,0,0,0,0
Development,DataWarehouse,1,0.004545454,0,0,0,0
AWS,DataWarehouse,1,0.02,0,0,0,0
Design,DataWarehouse,1,0.003773585,0,0,0,0
Hadoop,DataWarehouse,2,0.025806451,0,0,0,0
Database,DataWarehouse,1,0.039999999,0,0,0,0
Apache,DataWarehouse,1,0.033333335,0,0,0,0
ElasticMapReduce,Apache,1,0.166666672,0,0,0,0
DistributedComputing,Apache,1,0.166666672,0,0,0,0
Hive,Apache,1,0.011111111,0,0,0,0
Pig,Apache,1,0.010416667,0,0,0,0
Storage,Apache,1,0.055555556,0,0,0,0
Development,Apache,1,0.003787879,0,0,0,0
AWS,Apache,3,0.150000006,0,0,0,0
Design,Apache,1,0.003144654,0,0,0,0
Hadoop,Apache,1,0.005376344,0,0,0,0
Database,Apache,1,0.033333335,0,0,0,0
ElasticMapReduce,Database,1,0.200000003,0,0,0,0
DistributedComputing,Database,1,0.200000003,0,0,0,0
Hive,Database,2,0.053333335,0,0,0,0
Pig,Database,2,0.050000001,0,0,0,0
Storage,Database,1,0.06666667,0,0,0,0
Development,Database,1,0.004545454,0,0,0,0
AWS,Database,1,0.02,0,0,0,0
Design,Database,1,0.003773585,0,0,0,0
Hadoop,Database,2,0.025806451,0,0,0,0
ElasticMapReduce,Hadoop,1,0.032258064,0,0,0,0
DistributedComputing,Hadoop,1,0.032258064,0,0,0,0
Storage,Hadoop,1,0.010752688,0,0,0,0
Development,Hadoop,7,0.035923753,0,0,0,0
AWS,Hadoop,1,0.003225806,0,0,0,0
Design,Hadoop,1,6.09E-04,0,0,0,0
ElasticMapReduce,Design,1,0.018867925,0,0,0,0
DistributedComputing,Design,1,0.018867925,0,0,0,0
Hive,Design,1,0.001257862,0,0,0,0
Pig,Design,2,0.004716981,0,0,0,0
Storage,Design,1,0.006289308,0,0,0,0
AWS,Design,4,0.03018868,0,0,0,0
ElasticMapReduce,AWS,1,0.100000001,0,0,0,0
DistributedComputing,AWS,1,0.100000001,0,0,0,0
Hive,AWS,1,0.006666667,0,0,0,0
Pig,AWS,1,0.00625,0,0,0,0
Storage,AWS,1,0.033333335,0,0,0,0
Development,AWS,2,0.009090909,0,0,0,0
ElasticMapReduce,Development,1,0.022727273,0,0,0,0
DistributedComputing,Development,1,0.022727273,0,0,0,0
Hive,Development,5,0.037878789,0,0,0,0
Pig,Development,5,0.035511363,0,0,0,0
Storage,Development,1,0.007575758,0,0,0,0
ElasticMapReduce,Storage,1,0.333333343,0,0,0,0
DistributedComputing,Storage,1,0.333333343,0,0,0,0
Hive,Storage,1,0.022222223,0,0,0,0
Pig,Storage,1,0.020833334,0,0,0,0
ElasticMapReduce,Pig,1,0.0625,0,0,0,0
DistributedComputing,Pig,1,0.0625,0,0,0,0
ElasticMapReduce,Hive,1,0.06666667,0,0,0,0
DistributedComputing,Hive,1,0.06666667,0,0,0,0
ElasticMapReduce,DistributedComputing,1,1,0,0,0,0
SDLC,Developer,3,0.017821781,0,0,0,0
Perl,Developer,1,0.001237624,0,0,0,0
SDLC,Hadoop,4,0.103225805,0,0,0,0
Network,Hadoop,3,0.026392963,0,0,0,0
Perl,Hadoop,1,0.004032258,0,0,0,0
SDLC,Cloud,4,0.049230769,0,0,0,0
Hive,Cloud,4,0.016410256,0,0,0,0
Pig,Cloud,4,0.015384615,0,0,0,0
MapReduce,Cloud,4,0.041025642,0,0,0,0
Network,Cloud,3,0.012587412,0,0,0,0
Perl,Cloud,7,0.094230771,0,0,0,0
SDLC,Development,4,0.07272727,0,0,0,0
MapReduce,Development,4,0.060606062,0,0,0,0
Perl,Development,1,0.002840909,0,0,0,0
SDLC,Perl,1,0.025,0,0,0,0
Hive,Perl,1,0.008333334,0,0,0,0
Pig,Perl,1,0.0078125,0,0,0,0
MapReduce,Perl,1,0.020833334,0,0,0,0
Network,Perl,1,0.011363637,0,0,0,0
SDLC,Network,3,0.163636357,0,0,0,0
Hive,Network,3,0.054545455,0,0,0,0
Pig,Network,3,0.051136363,0,0,0,0
MapReduce,Network,3,0.13636364,0,0,0,0
SDLC,MapReduce,4,0.533333361,0,0,0,0
SDLC,Pig,4,0.200000003,0,0,0,0
SDLC,Hive,4,0.213333338,0,0,0,0
Storm,BigData,2,0.024096385,0,0,0,0
Impala,BigData,2,0.016064256,0,0,0,0
Storm,SoftwareEngineer,2,0.15384616,0,0,0,0
Impala,SoftwareEngineer,2,0.102564104,0,0,0,0
HBase,SoftwareEngineer,2,0.07692308,0,0,0,0
Hive,SoftwareEngineer,2,0.020512821,0,0,0,0
Pig,SoftwareEngineer,2,0.01923077,0,0,0,0
Hadoop,SoftwareEngineer,2,0.009925558,0,0,0,0
Storm,Hadoop,2,0.064516127,0,0,0,0
Storm,Pig,2,0.125,0,0,0,0
Storm,Hive,2,0.13333334,0,0,0,0
Storm,HBase,2,0.5,0,0,0,0
Impala,HBase,2,0.333333343,0,0,0,0
Storm,Impala,2,0.666666687,0,0,0,0
Pig,HTTP,1,0.0125,0,0,0,0
Lambda,Cloud,1,0.015384615,0,0,0,0
EC2,Cloud,3,0.046153847,0,0,0,0
GitHub,Cloud,1,0.007692308,0,0,0,0
Automation,Cloud,20,0.227920234,0,0,1,1
Lambda,AWS,1,0.100000001,0,0,0,0
EC2,AWS,1,0.033333335,0,0,0,0
GitHub,AWS,1,0.050000001,0,0,0,0
Automation,AWS,1,0.003703704,0,0,0,0
Lambda,Automation,1,0.037037037,0,0,0,0
EC2,Automation,1,0.012345679,0,0,0,0
GitHub,Automation,1,0.018518519,0,0,0,0
AmazonWebServices,Automation,1,0.00462963,0,0,0,0
Lambda,AmazonWebServices,1,0.125,0,0,0,0
EC2,AmazonWebServices,3,0.375,0,0,0,0
GitHub,AmazonWebServices,1,0.0625,0,0,0,0
Lambda,GitHub,1,0.5,0,0,0,0
EC2,GitHub,1,0.166666672,0,0,0,0
Lambda,EC2,1,0.333333343,0,0,0,0
Flask,Developer,3,0.029702971,0,0,0,0
Django,Developer,2,0.01980198,0,0,0,0
Security,Developer,2,0.00180018,0,0,0,0
Flask,Security,2,0.060606062,0,0,0,0
Django,Security,2,0.090909094,0,0,0,0
Python,Security,2,0.006493506,0,0,0,0
Flask,Python,3,0.107142858,0,0,0,0
Django,Python,2,0.071428575,0,0,0,0
Flask,Django,2,0.666666687,0,0,0,0
JBehave,Oracle,1,0.166666672,0,0,0,0
Tomcat,Oracle,1,0.111111112,0,0,0,0
MySQL,Oracle,1,0.047619049,0,0,0,0
Gradle,Oracle,1,0.166666672,0,0,0,0
Automation,Oracle,1,0.012345679,0,0,0,0
XML,Oracle,1,0.333333343,0,0,0,0
JSON,Oracle,1,0.111111112,0,0,0,0
SQL,Oracle,1,0.027777778,0,0,0,0
JavaScript,Oracle,1,0.014492754,0,0,0,0
Database,Oracle,1,0.06666667,0,0,0,0
JBehave,Database,1,0.100000001,0,0,0,0
Tomcat,Database,1,0.06666667,0,0,0,0
MySQL,Database,2,0.114285715,0,0,0,0
Gradle,Database,1,0.100000001,0,0,0,0
Automation,Database,1,0.007407407,0,0,0,0
XML,Database,1,0.200000003,0,0,0,0
JSON,Database,1,0.06666667,0,0,0,0
JavaScript,Database,2,0.034782607,0,0,0,0
JBehave,JavaScript,1,0.021739131,0,0,0,0
Tomcat,JavaScript,1,0.014492754,0,0,0,0
MySQL,JavaScript,2,0.024844721,0,0,0,0
Gradle,JavaScript,1,0.021739131,0,0,0,0
Automation,JavaScript,1,0.001610306,0,0,0,0
XML,JavaScript,1,0.043478262,0,0,0,0
JSON,JavaScript,2,0.057971016,0,0,0,0
SQL,JavaScript,1,0.003623188,0,0,0,0
JBehave,SQL,1,0.041666668,0,0,0,0
Tomcat,SQL,1,0.027777778,0,0,0,0
MySQL,SQL,1,0.011904762,0,0,0,0
Gradle,SQL,1,0.041666668,0,0,0,0
Automation,SQL,1,0.00308642,0,0,0,0
XML,SQL,1,0.083333336,0,0,0,0
JSON,SQL,1,0.027777778,0,0,0,0
JBehave,JSON,1,0.166666672,0,0,0,0
Tomcat,JSON,1,0.111111112,0,0,0,0
MySQL,JSON,1,0.047619049,0,0,0,0
Gradle,JSON,1,0.166666672,0,0,0,0
Automation,JSON,2,0.049382716,0,0,0,0
XML,JSON,1,0.333333343,0,0,0,0
JBehave,XML,1,0.5,0,0,0,0
Tomcat,XML,1,0.333333343,0,0,0,0
MySQL,XML,1,0.142857149,0,0,0,0
Gradle,XML,1,0.5,0,0,0,0
Automation,XML,1,0.037037037,0,0,0,0
JBehave,Automation,1,0.018518519,0,0,0,0
Tomcat,Automation,1,0.012345679,0,0,0,0
MySQL,Automation,1,0.005291005,0,0,0,0
Gradle,Automation,1,0.018518519,0,0,0,0
JBehave,Gradle,1,0.25,0,0,0,0
Tomcat,Gradle,2,0.666666687,0,0,0,0
MySQL,Gradle,1,0.071428575,0,0,0,0
JBehave,MySQL,1,0.071428575,0,0,0,0
Tomcat,MySQL,1,0.047619049,0,0,0,0
JBehave,Tomcat,1,0.166666672,0,0,0,0
JBehave,Tools,1,0.03125,0,0,0,0
Atlassian,Tools,1,0.0625,0,0,0,0
Testing,Tools,1,0.03125,0,0,0,0
Jira,Tools,1,0.020833334,0,0,0,0
DevOps,Tools,2,0.004901961,0,0,0,0
JBehave,R,1,0.004854369,0,0,0,0
Atlassian,R,1,0.009708738,0,0,0,0
Testing,R,1,0.004854369,0,0,0,0
Jira,R,1,0.003236246,0,0,0,0
DevOps,R,1,1.90E-04,0,0,0,0
JBehave,DevOps,1,0.009803922,0,0,0,0
Atlassian,DevOps,1,0.019607844,0,0,0,0
Testing,DevOps,1,0.009803922,0,0,0,0
Jira,DevOps,1,0.006535948,0,0,0,0
JBehave,Jira,1,0.166666672,0,0,0,0
Atlassian,Jira,1,0.333333343,0,0,0,0
Testing,Jira,1,0.166666672,0,0,0,0
JBehave,Testing,1,0.25,0,0,0,0
Atlassian,Testing,1,0.5,0,0,0,0
JBehave,Atlassian,1,0.5,0,0,0,0
Tomcat,Java,1,0.00877193,0,0,0,0
Sass,Java,1,0.001253133,0,0,0,0
Gradle,Java,1,0.013157895,0,0,0,0
Tomcat,Linux,2,0.039215688,0,0,0,0
LeSS,Linux,1,3.54E-04,0,0,0,0
Sass,Linux,1,0.00140056,0,0,0,0
Gradle,Linux,1,0.014705882,0,0,0,0
FrontEnd,Linux,1,0.001176471,0,0,0,0
Tomcat,Git,1,0.083333336,0,0,0,0
Sass,Git,1,0.011904762,0,0,0,0
Gradle,Git,1,0.125,0,0,0,0
Tomcat,FrontEnd,1,0.013333334,0,0,0,0
Gradle,FrontEnd,1,0.02,0,0,0,0
LeSS,Gradle,1,0.006024096,0,0,0,0
Sass,Gradle,1,0.023809524,0,0,0,0
Tomcat,Sass,1,0.015873017,0,0,0,0
Tomcat,LeSS,1,0.004016064,0,0,0,0
Agile,R,2,0.00353045,0,0,0,0
LeSS,R,9,0.009474793,0,0,0,0
Agile,LeSS,7,0.053669222,0,0,0,0
LeSS,DevOps,4,0.003779825,0,0,0,0
LeSS,Marketing,2,0.002294894,0,0,0,0
Scrum,R,3,0.014563107,0,0,0,0
Scrum,LeSS,3,0.018072288,0,0,0,0
Agile,Scrum,3,0.13636364,0,0,0,0
GO,Developer,1,0.00990099,0,0,0,0
Backend,Developer,6,0.017821781,0,0,0,0
GO,Backend,1,0.050000001,0,0,0,0
LeSS,Backend,3,0.005421687,0,0,0,0
Monitoring,Backend,1,0.008333334,0,0,0,0
GO,Monitoring,1,0.166666672,0,0,0,0
GO,LeSS,1,0.012048192,0,0,0,0
Marionette,Developer,1,0.00990099,0,0,0,0
Backbone,Developer,2,0.013201321,0,0,0,0
Redis,Developer,1,0.00990099,0,0,0,0
MySQL,Developer,3,0.012729844,0,0,0,0
MongoDB,Developer,3,0.022277229,0,0,0,0
HTML,Developer,6,0.035643563,0,0,0,0
Marionette,Database,1,0.200000003,0,0,0,0
LeSS,Database,1,0.002409639,0,0,0,0
Backbone,Database,1,0.06666667,0,0,0,0
Redis,Database,1,0.200000003,0,0,0,0
jQuery,Database,1,0.033333335,0,0,0,0
MongoDB,Database,1,0.050000001,0,0,0,0
HTML,Database,1,0.02,0,0,0,0
Backend,Database,1,0.01,0,0,0,0
CSS,Database,1,0.008333334,0,0,0,0
Marionette,JavaScript,1,0.043478262,0,0,0,0
LeSS,JavaScript,15,0.117862754,0,0,0,0
Backbone,JavaScript,3,0.130434781,0,0,0,0
Redis,JavaScript,1,0.043478262,0,0,0,0
jQuery,JavaScript,5,0.181159422,0,0,0,0
MongoDB,JavaScript,1,0.010869565,0,0,0,0
HTML,JavaScript,7,0.213043481,0,0,0,0
Backend,JavaScript,1,0.002173913,0,0,0,0
CSS,JavaScript,14,0.355072469,4,3,0,0
Marionette,CSS,1,0.041666668,0,0,0,0
Backbone,CSS,3,0.125,0,0,0,0
Redis,CSS,1,0.041666668,0,0,0,0
jQuery,CSS,4,0.111111112,0,0,0,0
MySQL,CSS,2,0.023809524,0,0,0,0
MongoDB,CSS,2,0.041666668,0,0,0,0
HTML,CSS,10,0.416666657,4,1,0,0
Backend,CSS,1,0.002083333,0,0,0,0
Marionette,Backend,1,0.050000001,0,0,0,0
Backbone,Backend,1,0.016666668,0,0,0,0
Redis,Backend,1,0.050000001,0,0,0,0
jQuery,Backend,1,0.008333334,0,0,0,0
MySQL,Backend,1,0.007142857,0,0,0,0
MongoDB,Backend,1,0.0125,0,0,0,0
HTML,Backend,1,0.005,0,0,0,0
Marionette,HTML,1,0.100000001,0,0,0,0
LeSS,HTML,7,0.059036143,0,0,0,0
Backbone,HTML,1,0.033333335,0,0,0,0
Redis,HTML,1,0.100000001,0,0,0,0
jQuery,HTML,3,0.150000006,0,0,0,0
MySQL,HTML,1,0.014285714,0,0,0,0
MongoDB,HTML,1,0.025,0,0,0,0
Marionette,MongoDB,1,0.25,0,0,0,0
LeSS,MongoDB,2,0.012048192,0,0,0,0
Backbone,MongoDB,1,0.083333336,0,0,0,0
Redis,MongoDB,1,0.25,0,0,0,0
jQuery,MongoDB,1,0.041666668,0,0,0,0
Marionette,MySQL,1,0.142857149,0,0,0,0
LeSS,MySQL,2,0.006884682,0,0,0,0
Backbone,MySQL,1,0.047619049,0,0,0,0
Redis,MySQL,1,0.142857149,0,0,0,0
jQuery,MySQL,1,0.023809524,0,0,0,0
Marionette,jQuery,1,0.166666672,0,0,0,0
Backbone,jQuery,2,0.222222224,0,0,0,0
Redis,jQuery,1,0.166666672,0,0,0,0
Marionette,Redis,1,1,0,0,0,0
LeSS,Redis,1,0.012048192,0,0,0,0
Backbone,Redis,1,0.333333343,0,0,0,0
Marionette,Backbone,1,0.333333343,0,0,0,0
LeSS,Backbone,3,0.036144577,0,0,0,0
Marionette,LeSS,1,0.012048192,0,0,0,0
ScrumMaster,LeSS,4,0.038554218,0,0,0,0
Backbone,Java,1,0.00877193,0,0,0,0
CSS3,Java,1,0.013157895,0,0,0,0
CSS,Java,1,0.001096491,0,0,0,0
R,Java,2,0.001021972,0,0,0,0
FrontEnd,JavaScript,8,0.11130435,0,0,0,0
CSS3,JavaScript,2,0.086956523,0,0,0,0
HTML5,JavaScript,7,0.266304344,0,0,0,0
R,JavaScript,3,0.003799071,0,0,0,0
Backbone,R,1,0.003236246,0,0,0,0
jQuery,R,1,0.001618123,0,0,0,0
FrontEnd,R,2,0.001553398,0,0,0,0
CSS3,R,1,0.004854369,0,0,0,0
CSS,R,3,0.003640777,0,0,0,0
HTML5,R,2,0.004854369,0,0,0,0
Backbone,HTML5,1,0.041666668,0,0,0,0
CSS3,HTML5,2,0.25,0,0,0,0
CSS,HTML5,5,0.130208328,0,0,0,0
CSS3,CSS,1,0.020833334,0,0,0,0
LeSS,CSS3,2,0.024096385,0,0,0,0
Backbone,CSS3,1,0.166666672,0,0,0,0
jQuery,CSS3,2,0.333333343,0,0,0,0
FrontEnd,CSS3,2,0.079999998,0,0,0,0
Backbone,FrontEnd,1,0.013333334,0,0,0,0
LeSS,DataEngineer,1,5.24E-04,0,0,0,0
AmazonWebServices,DataEngineer,1,0.005434783,0,0,0,0
Development,DataEngineer,3,0.00889328,0,0,0,0
AWS,DataEngineer,1,0.004347826,0,0,0,0
AmazonWebServices,Design,1,0.002358491,0,0,0,0
LeSS,AWS,1,0.001204819,0,0,0,0
LeSS,Development,6,0.009857613,0,0,0,0
AmazonWebServices,Development,3,0.025568182,0,0,0,0
Gulp,FrontEnd,2,0.079999998,0,0,0,0
GitHub,FrontEnd,1,0.02,0,0,0,0
Gulp,Sass,2,0.095238097,0,0,0,0
GitHub,Sass,1,0.023809524,0,0,0,0
AngularJS,Sass,2,0.03809524,0,0,0,0
Gulp,AngularJS,1,0.100000001,0,0,0,0
GitHub,AngularJS,1,0.100000001,0,0,0,0
Gulp,LeSS,2,0.024096385,0,0,0,0
GitHub,LeSS,1,0.006024096,0,0,0,0
Gulp,GitHub,1,0.25,0,0,0,0
Angular,Developer,2,0.01980198,0,0,0,0
TypeScript,Developer,1,0.00990099,0,0,0,0
React,Developer,2,0.00990099,0,0,0,0
Angular,JavaScript,1,0.021739131,0,0,0,0
TypeScript,JavaScript,1,0.043478262,0,0,0,0
Sass,JavaScript,9,0.16770187,0,0,0,0
React,JavaScript,2,0.043478262,0,0,0,0
Angular,CSS,2,0.083333336,0,0,0,0
TypeScript,CSS,1,0.041666668,0,0,0,0
React,CSS,2,0.041666668,0,0,0,0
Angular,FrontEnd,1,0.02,0,0,0,0
TypeScript,FrontEnd,1,0.039999999,0,0,0,0
Angular,React,1,0.125,0,0,0,0
LeSS,React,2,0.012048192,0,0,0,0
TypeScript,React,1,0.25,0,0,0,0
Sass,React,1,0.011904762,0,0,0,0
Angular,Sass,2,0.095238097,0,0,0,0
TypeScript,Sass,1,0.047619049,0,0,0,0
Angular,TypeScript,1,0.5,0,0,0,0
LeSS,TypeScript,1,0.012048192,0,0,0,0
Angular,LeSS,2,0.024096385,0,0,0,0
Sass,HTML5,5,0.148809522,0,0,0,0
Bower,Developer,1,0.00990099,0,0,0,0
Hybris,Developer,1,0.00990099,0,0,0,0
Bower,JavaScript,1,0.043478262,0,0,0,0
Hybris,JavaScript,1,0.043478262,0,0,0,0
Bower,CSS,1,0.041666668,0,0,0,0
Hybris,CSS,1,0.041666668,0,0,0,0
Bower,HTML,1,0.100000001,0,0,0,0
Hybris,HTML,1,0.100000001,0,0,0,0
Sass,HTML,3,0.042857144,0,0,0,0
Bower,Sass,1,0.047619049,0,0,0,0
Hybris,Sass,1,0.047619049,0,0,0,0
Bower,LeSS,1,0.012048192,0,0,0,0
Hybris,LeSS,1,0.012048192,0,0,0,0
Bower,Hybris,1,1,0,0,0,0
Agile,Architect,1,0.008264462,0,0,0,0
LeSS,Architect,1,0.00109529,0,0,0,0
Development,Architect,1,0.002066116,0,0,0,0
Agile,Development,3,0.018595042,0,0,0,0
Flux,Developer,1,0.00990099,0,0,0,0
Ember,Developer,1,0.00990099,0,0,0,0
Flux,JavaScript,1,0.043478262,0,0,0,0
Ember,JavaScript,1,0.043478262,0,0,0,0
Flux,CSS,1,0.041666668,0,0,0,0
Ember,CSS,1,0.041666668,0,0,0,0
Flux,React,1,0.25,0,0,0,0
Ember,React,1,0.25,0,0,0,0
Backbone,React,1,0.083333336,0,0,0,0
Flux,Backbone,1,0.333333343,0,0,0,0
Ember,Backbone,1,0.333333343,0,0,0,0
Flux,LeSS,1,0.012048192,0,0,0,0
Ember,LeSS,1,0.012048192,0,0,0,0
Flux,Ember,1,1,0,0,0,0
Network,LeSS,3,0.009857613,0,0,0,0
DevOps,Developer,10,0.019413706,0,0,0,0
LeSS,SoftwareEngineer,2,0.003707136,0,0,0,0
Programming,SoftwareEngineer,1,0.008547009,0,0,0,0
LeSS,Programming,1,0.001338688,0,0,0,0
UI,JavaScript,1,0.003344482,0,0,0,0
Design,JavaScript,1,8.20E-04,0,0,0,0
HTML,Design,2,0.00754717,0,0,0,0
UI,CSS,4,0.051282052,0,0,0,0
UI,HTML,2,0.030769231,0,0,0,0
FrontEnd,HTML,3,0.035999998,0,0,0,0
UI,FrontEnd,2,0.012307692,0,0,0,0
UI,LeSS,5,0.023169601,0,0,0,0
FullStack,PHP,2,0.06666667,0,0,0,0
LeSS,PHP,5,0.025100403,0,0,0,0
Developer,PHP,4,0.013201321,0,0,0,0
AngularJS,PHP,1,0.016666668,0,0,0,0
Sass,PHP,3,0.035714287,0,0,0,0
Zend,PHP,1,0.083333336,0,0,0,0
Symfony,PHP,2,0.166666672,0,0,0,0
MySQL,PHP,1,0.011904762,0,0,0,0
MongoDB,PHP,1,0.020833334,0,0,0,0
CSS,PHP,4,0.055555556,0,0,0,0
Zend,Developer,1,0.00990099,0,0,0,0
Symfony,Developer,1,0.004950495,0,0,0,0
FullStack,CSS,1,0.008333334,0,0,0,0
AngularJS,CSS,1,0.008333334,0,0,0,0
Zend,CSS,1,0.041666668,0,0,0,0
Symfony,CSS,1,0.020833334,0,0,0,0
FullStack,MongoDB,1,0.050000001,0,0,0,0
AngularJS,MongoDB,1,0.050000001,0,0,0,0
Sass,MongoDB,1,0.011904762,0,0,0,0
Zend,MongoDB,1,0.25,0,0,0,0
Symfony,MongoDB,1,0.125,0,0,0,0
FullStack,MySQL,1,0.028571429,0,0,0,0
AngularJS,MySQL,1,0.028571429,0,0,0,0
Sass,MySQL,1,0.006802721,0,0,0,0
Zend,MySQL,1,0.142857149,0,0,0,0
Symfony,MySQL,1,0.071428575,0,0,0,0
FullStack,Symfony,1,0.100000001,0,0,0,0
LeSS,Symfony,2,0.024096385,0,0,0,0
AngularJS,Symfony,1,0.100000001,0,0,0,0
Sass,Symfony,1,0.023809524,0,0,0,0
Zend,Symfony,1,0.5,0,0,0,0
FullStack,Zend,1,0.200000003,0,0,0,0
LeSS,Zend,1,0.012048192,0,0,0,0
AngularJS,Zend,1,0.200000003,0,0,0,0
Sass,Zend,1,0.047619049,0,0,0,0
FullStack,Sass,1,0.00952381,0,0,0,0
Sass,R,2,0.001849283,0,0,0,0
Drupal,Apache,1,0.083333336,0,0,0,0
LeSS,Apache,1,0.002008032,0,0,0,0
Varnish,Apache,1,0.083333336,0,0,0,0
Sass,Apache,1,0.007936508,0,0,0,0
ContinuousIntegration,Apache,1,0.027777778,0,0,0,0
jQuery,Apache,1,0.027777778,0,0,0,0
Solr,Apache,1,0.033333335,0,0,0,0
Jenkins,Apache,1,0.083333336,0,0,0,0
HTML,Apache,1,0.016666668,0,0,0,0
CSS,Apache,1,0.006944444,0,0,0,0
JavaScript,Apache,1,0.007246377,0,0,0,0
Developer,Apache,1,0.001650165,0,0,0,0
PHP,Apache,1,0.013888889,0,0,0,0
Drupal,PHP,2,0.166666672,0,0,0,0
Varnish,PHP,1,0.041666668,0,0,0,0
ContinuousIntegration,PHP,2,0.055555556,0,0,0,0
jQuery,PHP,2,0.055555556,0,0,0,0
Solr,PHP,1,0.016666668,0,0,0,0
Jenkins,PHP,2,0.166666672,0,0,0,0
HTML,PHP,3,0.075000003,0,0,0,0
Drupal,Developer,2,0.01980198,0,0,0,0
Varnish,Developer,1,0.004950495,0,0,0,0
ContinuousIntegration,Developer,4,0.026402641,0,0,0,0
Solr,Developer,2,0.007920792,0,0,0,0
Jenkins,Developer,1,0.004950495,0,0,0,0
Drupal,JavaScript,2,0.086956523,0,0,0,0
Varnish,JavaScript,1,0.021739131,0,0,0,0
ContinuousIntegration,JavaScript,2,0.028985508,0,0,0,0
Solr,JavaScript,2,0.034782607,0,0,0,0
Jenkins,JavaScript,1,0.021739131,0,0,0,0
Drupal,CSS,2,0.083333336,0,0,0,0
Varnish,CSS,1,0.020833334,0,0,0,0
ContinuousIntegration,CSS,2,0.027777778,0,0,0,0
Solr,CSS,1,0.008333334,0,0,0,0
Jenkins,CSS,1,0.020833334,0,0,0,0
Drupal,HTML,2,0.200000003,0,0,0,0
Varnish,HTML,1,0.050000001,0,0,0,0
ContinuousIntegration,HTML,2,0.06666667,0,0,0,0
Solr,HTML,1,0.02,0,0,0,0
Jenkins,HTML,1,0.050000001,0,0,0,0
Drupal,Jenkins,1,0.25,0,0,0,0
LeSS,Jenkins,2,0.024096385,0,0,0,0
Varnish,Jenkins,1,0.25,0,0,0,0
Sass,Jenkins,1,0.023809524,0,0,0,0
ContinuousIntegration,Jenkins,1,0.083333336,0,0,0,0
jQuery,Jenkins,1,0.083333336,0,0,0,0
Solr,Jenkins,1,0.100000001,0,0,0,0
Drupal,Solr,1,0.100000001,0,0,0,0
LeSS,Solr,1,0.002409639,0,0,0,0
Varnish,Solr,1,0.100000001,0,0,0,0
Sass,Solr,1,0.00952381,0,0,0,0
ContinuousIntegration,Solr,1,0.033333335,0,0,0,0
jQuery,Solr,1,0.033333335,0,0,0,0
Drupal,jQuery,2,0.333333343,0,0,0,0
Varnish,jQuery,1,0.083333336,0,0,0,0
Sass,jQuery,3,0.071428575,0,0,0,0
ContinuousIntegration,jQuery,2,0.111111112,0,0,0,0
Drupal,ContinuousIntegration,2,0.333333343,0,0,0,0
LeSS,ContinuousIntegration,2,0.008032128,0,0,0,0
Varnish,ContinuousIntegration,1,0.083333336,0,0,0,0
Sass,ContinuousIntegration,2,0.031746034,0,0,0,0
Drupal,Sass,2,0.095238097,0,0,0,0
Varnish,Sass,1,0.023809524,0,0,0,0
Drupal,Varnish,1,0.25,0,0,0,0
LeSS,Varnish,1,0.006024096,0,0,0,0
Drupal,LeSS,2,0.024096385,0,0,0,0
LeSS,Cloud,2,7.41E-04,0,0,0,0
IoT,Developer,12,0.061988808,0,0,0,0
IoT,CSS,2,0.007246377,0,0,0,0
IoT,Sass,2,0.008281574,0,0,0,0
IoT,LeSS,2,0.002095338,0,0,0,0
FullStack,JavaScript,1,0.008695652,0,0,0,0
HTML,R,1,9.71E-04,0,0,0,0
R,Developer,3,8.65E-04,0,0,0,0
Backend,R,1,4.85E-04,0,0,0,0
Sass,Backend,1,0.002380952,0,0,0,0
LeSS,Security,1,5.48E-04,0,0,0,0
Backbone.js,Developer,1,0.00990099,0,0,0,0
AJAX,Developer,1,0.00990099,0,0,0,0
CSS3,Developer,1,0.004950495,0,0,0,0
JSON,Developer,1,0.00330033,0,0,0,0
Backbone.js,JavaScript,1,0.043478262,0,0,0,0
AJAX,JavaScript,1,0.043478262,0,0,0,0
Backbone.js,JSON,1,0.333333343,0,0,0,0
AJAX,JSON,1,0.333333343,0,0,0,0
LeSS,JSON,1,0.004016064,0,0,0,0
Sass,JSON,1,0.015873017,0,0,0,0
jQuery,JSON,1,0.055555556,0,0,0,0
FrontEnd,JSON,1,0.013333334,0,0,0,0
CSS3,JSON,1,0.166666672,0,0,0,0
HTML5,JSON,1,0.041666668,0,0,0,0
Backbone.js,HTML5,1,0.125,0,0,0,0
AJAX,HTML5,1,0.125,0,0,0,0
Backbone.js,CSS3,1,0.5,0,0,0,0
AJAX,CSS3,1,0.5,0,0,0,0
Sass,CSS3,1,0.023809524,0,0,0,0
Backbone.js,FrontEnd,1,0.039999999,0,0,0,0
AJAX,FrontEnd,1,0.039999999,0,0,0,0
Backbone.js,jQuery,1,0.166666672,0,0,0,0
AJAX,jQuery,1,0.166666672,0,0,0,0
Backbone.js,Sass,1,0.047619049,0,0,0,0
AJAX,Sass,1,0.047619049,0,0,0,0
Backbone.js,LeSS,1,0.012048192,0,0,0,0
AJAX,LeSS,1,0.012048192,0,0,0,0
Backbone.js,AJAX,1,1,0,0,0,0
UI,SoftwareEngineer,1,0.00591716,0,0,0,0
Development,SoftwareEngineer,1,0.001748252,0,0,0,0
Design,SoftwareEngineer,2,0.005805515,0,0,0,0
Developer,SoftwareEngineer,2,0.003046459,0,0,0,0
UI,Developer,1,7.62E-04,0,0,0,0
UI,Development,1,0.001748252,0,0,0,0
Wordpress,Developer,1,0.00990099,0,0,0,0
Wordpress,Sass,1,0.047619049,0,0,0,0
LeSS,Wordpress,1,0.012048192,0,0,0,0
Tools,JavaScript,1,0.002717391,0,0,0,0
LeSS,Tools,1,7.53E-04,0,0,0,0
Sass,Tools,1,0.002976191,0,0,0,0
FrontEnd,Tools,1,0.0025,0,0,0,0
CSS,Tools,1,0.002604167,0,0,0,0
HTML5,Tools,1,0.0078125,0,0,0,0
Agile,PHP,1,0.007575758,0,0,0,0
Scrum,PHP,1,0.013888889,0,0,0,0
Network,PHP,1,0.007575758,0,0,0,0
Jira,PHP,1,0.027777778,0,0,0,0
Ansible,PHP,2,0.013888889,0,0,0,0
SQL,PHP,1,0.006944444,0,0,0,0
Agile,SQL,1,0.007575758,0,0,0,0
Scrum,SQL,1,0.013888889,0,0,0,0
Network,SQL,1,0.007575758,0,0,0,0
Debian,SQL,1,0.011904762,0,0,0,0
LeSS,SQL,1,0.001004016,0,0,0,0
Jira,SQL,1,0.027777778,0,0,0,0
Ansible,SQL,1,0.003472222,0,0,0,0
Symfony,SQL,1,0.041666668,0,0,0,0
Jenkins,SQL,1,0.041666668,0,0,0,0
Agile,Jenkins,1,0.045454547,0,0,0,0
Scrum,Jenkins,1,0.083333336,0,0,0,0
Network,Jenkins,1,0.045454547,0,0,0,0
Debian,Jenkins,1,0.071428575,0,0,0,0
Jira,Jenkins,1,0.166666672,0,0,0,0
Ansible,Jenkins,1,0.020833334,0,0,0,0
Symfony,Jenkins,1,0.25,0,0,0,0
Agile,Symfony,1,0.045454547,0,0,0,0
Scrum,Symfony,1,0.083333336,0,0,0,0
Network,Symfony,1,0.045454547,0,0,0,0
Debian,Symfony,1,0.071428575,0,0,0,0
Jira,Symfony,1,0.166666672,0,0,0,0
Ansible,Symfony,1,0.020833334,0,0,0,0
Agile,Ansible,1,0.003787879,0,0,0,0
Scrum,Ansible,1,0.006944444,0,0,0,0
Network,Ansible,1,0.003787879,0,0,0,0
LeSS,Ansible,1,5.02E-04,0,0,0,0
Jira,Ansible,1,0.013888889,0,0,0,0
Agile,Jira,1,0.030303031,0,0,0,0
Scrum,Jira,1,0.055555556,0,0,0,0
Network,Jira,1,0.030303031,0,0,0,0
Debian,Jira,1,0.047619049,0,0,0,0
LeSS,Jira,1,0.004016064,0,0,0,0
Debian,LeSS,1,0.00172117,0,0,0,0
Agile,Debian,1,0.012987013,0,0,0,0
Scrum,Debian,1,0.023809524,0,0,0,0
Network,Debian,1,0.012987013,0,0,0,0
Agile,Network,1,0.008264462,0,0,0,0
Scrum,Network,1,0.015151516,0,0,0,0
Waterfall,SharePoint,1,0.5,0,0,0,0
Agile,SharePoint,1,0.045454547,0,0,0,0
SDLC,SharePoint,1,0.100000001,0,0,0,0
LeSS,SharePoint,1,0.006024096,0,0,0,0
Waterfall,LeSS,1,0.012048192,0,0,0,0
SDLC,LeSS,1,0.002409639,0,0,0,0
Waterfall,SDLC,1,0.200000003,0,0,0,0
Agile,SDLC,1,0.018181818,0,0,0,0
Waterfall,Agile,1,0.090909094,0,0,0,0
UI,Sass,2,0.014652015,0,0,0,0
Resin,Polymer,1,1,0,0,0,0
BusinessObjects,Java,1,0.02631579,0,0,0,0
Agile,Java,3,0.021531101,0,0,0,0
BusinessIntelligence,Java,2,0.005540166,0,0,0,0
Development,Java,6,0.021531101,0,0,0,0
SoftwareDevelopment,Java,3,0.029605264,0,0,0,0
BusinessObjects,Developer,1,0.00990099,0,0,0,0
Agile,Developer,1,9.00E-04,0,0,0,0
BusinessIntelligence,Developer,2,0.002084419,0,0,0,0
SoftwareDevelopment,Developer,3,0.011138614,0,0,0,0
BusinessObjects,SoftwareDevelopment,1,0.125,0,0,0,0
Agile,SoftwareDevelopment,2,0.045454547,0,0,0,0
BusinessIntelligence,SoftwareDevelopment,1,0.006578947,0,0,0,0
Development,SoftwareDevelopment,3,0.025568182,0,0,0,0
BusinessObjects,Development,1,0.022727273,0,0,0,0
BusinessIntelligence,Development,3,0.010765551,0,0,0,0
BusinessObjects,BusinessIntelligence,1,0.052631579,0,0,0,0
Agile,BusinessIntelligence,1,0.004784689,0,0,0,0
BusinessObjects,Agile,1,0.090909094,0,0,0,0
.Net-Framework,Java,1,0.02631579,0,0,0,0
Scrum,Java,1,0.004385965,0,0,0,0
SharePoint,Java,1,0.013157895,0,0,0,0
C,Java,2,0.009569378,0,0,0,0
.Net-Framework,JavaScript,1,0.043478262,0,0,0,0
Scrum,JavaScript,1,0.007246377,0,0,0,0
SharePoint,JavaScript,1,0.021739131,0,0,0,0
C,JavaScript,1,0.003952569,0,0,0,0
.Net-Framework,C,1,0.090909094,0,0,0,0
Scrum,C,1,0.015151516,0,0,0,0
SharePoint,C,1,0.045454547,0,0,0,0
.Net-Framework,SharePoint,1,0.5,0,0,0,0
Scrum,SharePoint,1,0.083333336,0,0,0,0
.Net-Framework,Scrum,1,0.166666672,0,0,0,0
Shell,Design,4,0.050314464,0,0,0,0
Chef,Design,5,0.029481132,0,0,0,0
Ansible,Design,5,0.019654088,0,0,0,0
Perl,Design,4,0.03773585,0,0,0,0
DevOps,Design,2,0.001479837,0,0,0,0
OpenStack,Design,2,0.008385744,0,0,0,0
Python,Design,7,0.033018868,0,0,0,0
Docker,Design,3,0.024258761,0,0,0,0
Bash,Design,4,0.050314464,0,0,0,0
Puppet,Design,5,0.024826216,0,0,0,0
Linux,Design,4,0.008879024,0,0,0,0
Shell,Cloud,4,0.041025642,0,0,0,0
Chef,Cloud,8,0.061538462,0,0,1,0
OpenStack,Cloud,8,0.10940171,6,2,0,0
Docker,Cloud,4,0.035164837,0,0,0,0
Bash,Cloud,4,0.041025642,0,0,0,0
Puppet,Cloud,8,0.051821861,0,0,0,0
Linux,Cloud,10,0.04524887,0,0,0,0
Shell,AWS,2,0.06666667,0,0,0,0
Chef,AWS,4,0.100000001,0,0,0,0
Ansible,AWS,4,0.06666667,0,0,0,0
Perl,AWS,4,0.200000003,0,0,0,0
DevOps,AWS,1,0.001960784,0,0,0,0
OpenStack,AWS,4,0.177777782,0,0,0,0
Python,AWS,4,0.057142857,0,0,0,0
Docker,AWS,5,0.357142866,0,0,0,0
Bash,AWS,2,0.06666667,0,0,0,0
Puppet,AWS,4,0.08421053,0,0,0,0
Linux,AWS,4,0.047058824,0,0,0,0
Shell,Linux,3,0.044117648,0,0,0,0
Chef,Linux,8,0.117647059,2,4,0,0
Perl,Linux,5,0.091911763,0,0,0,0
OpenStack,Linux,4,0.052287582,0,0,0,0
Docker,Linux,5,0.105042018,0,0,0,0
Shell,Puppet,6,0.315789461,0,0,0,0
Chef,Puppet,12,0.473684222,0,0,0,0
Ansible,Puppet,16,0.561403513,2,1,0,0
Perl,Puppet,7,0.322368413,0,0,0,0
DevOps,Puppet,5,0.025799794,0,0,0,0
OpenStack,Puppet,5,0.146198824,0,0,0,0
Python,Puppet,7,0.092105262,0,0,0,0
Docker,Puppet,5,0.187969923,0,0,0,0
Bash,Puppet,5,0.219298244,0,0,0,0
Shell,Bash,5,0.694444418,0,0,0,0
Chef,Bash,5,0.260416657,0,0,0,0
Ansible,Bash,5,0.173611104,0,0,0,0
Perl,Bash,5,0.520833313,0,0,0,0
DevOps,Bash,2,0.013071896,0,0,0,0
OpenStack,Bash,3,0.166666672,0,0,0,0
Docker,Bash,2,0.095238097,0,0,0,0
Shell,Docker,2,0.095238097,0,0,0,0
Chef,Docker,5,0.223214284,0,0,0,0
Ansible,Docker,6,0.214285716,0,0,0,0
Perl,Docker,4,0.285714298,0,0,0,0
DevOps,Docker,1,0.002801121,0,0,0,0
OpenStack,Docker,4,0.253968269,0,0,0,0
Python,Docker,4,0.081632651,0,0,0,0
Shell,Python,5,0.148809522,0,0,0,0
Chef,Python,8,0.142857149,2,3,0,0
Ansible,Python,8,0.095238097,0,0,0,0
Perl,Python,7,0.21875,0,0,0,0
OpenStack,Python,6,0.142857149,0,0,0,0
Shell,OpenStack,3,0.166666672,0,0,0,0
Chef,OpenStack,7,0.340277791,0,0,0,0
Ansible,OpenStack,7,0.226851851,0,0,0,0
Perl,OpenStack,5,0.347222209,0,0,0,0
DevOps,OpenStack,1,0.002178649,0,0,0,0
Shell,DevOps,2,0.013071896,0,0,0,0
Chef,DevOps,4,0.019607844,0,0,0,0
Perl,DevOps,2,0.009803922,0,0,0,0
Shell,Perl,5,0.520833313,0,0,0,0
Chef,Perl,7,0.3828125,0,0,0,0
Ansible,Perl,7,0.255208343,0,0,0,0
Shell,Ansible,6,0.25,0,0,0,0
Chef,Ansible,14,0.510416687,2,2,0,0
Shell,Chef,6,0.375,0,0,0,0
VMware,Design,3,0.028301887,0,0,0,0
VMware,Tools,2,0.041666668,0,0,0,0
Chef,Tools,2,0.015625,0,0,0,0
Ansible,Tools,4,0.041666668,0,0,0,0
Docker,Tools,1,0.008928572,0,0,0,0
Puppet,Tools,3,0.029605264,0,0,0,0
Linux,Tools,2,0.007352941,0,0,0,0
VMware,R,2,0.006472492,0,0,0,0
Chef,R,2,0.002427184,0,0,0,0
Ansible,R,3,0.003640777,0,0,0,0
Docker,R,1,0.001386963,0,0,0,0
Puppet,R,3,0.004598876,0,0,0,0
Linux,R,1,2.86E-04,0,0,0,0
VMware,Puppet,5,0.219298244,0,0,0,0
VMware,Docker,1,0.023809524,0,0,0,0
VMware,Ansible,5,0.173611104,0,0,0,0
VMware,Chef,5,0.260416657,0,0,0,0
JBoss,Apache,2,0.333333343,0,0,0,0
Chef,Apache,2,0.041666668,0,0,0,0
Perl,Apache,2,0.083333336,0,0,0,0
OpenStack,Apache,2,0.074074075,0,0,0,0
Python,Apache,2,0.023809524,0,0,0,0
Docker,Apache,2,0.095238097,0,0,0,0
Puppet,Apache,2,0.03508772,0,0,0,0
Cloud,Apache,2,0.010256411,0,0,0,0
JBoss,Cloud,2,0.030769231,0,0,0,0
JBoss,AWS,2,0.200000003,0,0,0,0
JBoss,Linux,2,0.05882353,0,0,0,0
JBoss,Puppet,2,0.105263159,0,0,0,0
JBoss,Docker,2,0.285714298,0,0,0,0
JBoss,Python,2,0.071428575,0,0,0,0
JBoss,OpenStack,2,0.222222224,0,0,0,0
JBoss,Perl,2,0.25,0,0,0,0
JBoss,Ansible,2,0.083333336,0,0,0,0
JBoss,Chef,2,0.125,0,0,0,0
Shell,PHP,1,0.013888889,0,0,0,0
Chef,PHP,1,0.005208333,0,0,0,0
Puppet,PHP,1,0.004385965,0,0,0,0
Shell,JavaScript,1,0.007246377,0,0,0,0
Chef,JavaScript,1,0.002717391,0,0,0,0
Ansible,JavaScript,1,0.001811594,0,0,0,0
Puppet,JavaScript,1,0.002288329,0,0,0,0
Shell,CSS,1,0.006944444,0,0,0,0
Chef,CSS,1,0.002604167,0,0,0,0
Ansible,CSS,1,0.001736111,0,0,0,0
Puppet,CSS,1,0.002192982,0,0,0,0
Shell,HTML,1,0.016666668,0,0,0,0
Chef,HTML,1,0.00625,0,0,0,0
Ansible,HTML,1,0.004166667,0,0,0,0
Puppet,HTML,1,0.005263158,0,0,0,0
CloudFoundry,Spring,2,0.400000006,0,0,0,0
Chef,Spring,2,0.050000001,0,0,0,0
Ansible,Spring,2,0.033333335,0,0,0,0
OpenStack,Spring,2,0.088888891,0,0,0,0
CloudFoundry,Developer,2,0.01980198,0,0,0,0
Chef,Developer,2,0.002475247,0,0,0,0
Ansible,Developer,2,0.001650165,0,0,0,0
OpenStack,Developer,2,0.00440044,0,0,0,0
CloudFoundry,FrontEnd,1,0.02,0,0,0,0
Chef,FrontEnd,1,0.0025,0,0,0,0
Ansible,FrontEnd,1,0.001666667,0,0,0,0
OpenStack,FrontEnd,1,0.004444445,0,0,0,0
CloudFoundry,OpenStack,2,0.222222224,0,0,0,0
CloudFoundry,Ansible,2,0.083333336,0,0,0,0
CloudFoundry,Chef,2,0.125,0,0,0,0
Scripting,Design,3,0.042452831,0,0,0,0
Scripting,Cloud,3,0.034615386,0,0,0,0
VMware,Cloud,2,0.010256411,0,0,0,0
Scripting,Puppet,4,0.210526317,0,0,0,0
Scripting,Bash,4,0.666666687,0,0,0,0
VMware,Bash,3,0.25,0,0,0,0
Scripting,Python,4,0.142857149,0,0,0,0
VMware,Python,3,0.053571429,0,0,0,0
Scripting,Perl,4,0.5,0,0,0,0
VMware,Perl,3,0.1875,0,0,0,0
Scripting,Ansible,4,0.166666672,0,0,0,0
Scripting,Chef,4,0.25,0,0,0,0
Shell,VMware,3,0.25,0,0,0,0
Scripting,VMware,3,0.375,0,0,0,0
Shell,Scripting,4,0.666666687,0,0,0,0
Scripting,AWS,1,0.025,0,0,0,0
Scripting,Linux,2,0.029411765,0,0,0,0
Scripting,Docker,1,0.035714287,0,0,0,0
Scripting,OpenStack,2,0.111111112,0,0,0,0
Microservices,SoftwareEngineer,1,0.00591716,0,0,0,0
Ansible,SoftwareEngineer,2,0.012820513,0,0,0,0
DevOps,SoftwareEngineer,1,0.001508296,0,0,0,0
SaltStack,SoftwareEngineer,2,0.15384616,0,0,0,0
Puppet,SoftwareEngineer,1,0.004048583,0,0,0,0
Tools,SoftwareEngineer,2,0.01923077,0,0,0,0
Microservices,Tools,1,0.004807692,0,0,0,0
SaltStack,Tools,2,0.125,0,0,0,0
Microservices,Puppet,1,0.004048583,0,0,0,0
SaltStack,Puppet,1,0.02631579,0,0,0,0
Microservices,SaltStack,1,0.03846154,0,0,0,0
Ansible,SaltStack,2,0.083333336,0,0,0,0
DevOps,SaltStack,1,0.009803922,0,0,0,0
Microservices,DevOps,13,0.254901975,0,0,0,0
Microservices,Ansible,1,0.003205128,0,0,0,0
SystemAdministration,R,1,0.004854369,0,0,0,0
SystemAdministration,Puppet,1,0.02631579,0,0,0,0
SystemAdministration,Ansible,1,0.020833334,0,0,0,0
Tomcat,Apache,1,0.055555556,0,0,0,0
Tomcat,Cloud,1,0.005128205,0,0,0,0
Tomcat,AWS,1,0.033333335,0,0,0,0
Tomcat,Puppet,1,0.01754386,0,0,0,0
Tomcat,Docker,1,0.047619049,0,0,0,0
Tomcat,Python,1,0.011904762,0,0,0,0
Tomcat,OpenStack,1,0.037037037,0,0,0,0
Tomcat,Perl,1,0.041666668,0,0,0,0
Tomcat,Ansible,1,0.013888889,0,0,0,0
Tomcat,Chef,1,0.020833334,0,0,0,0
JBoss,Tomcat,1,0.166666672,0,0,0,0
VMware,OpenStack,1,0.018518519,0,0,0,0
Ansible,JSON,1,0.013888889,0,0,0,0
Puppet,JSON,1,0.01754386,0,0,0,0
Orchestration,JSON,1,0.166666672,0,0,0,0
Development,JSON,1,0.007575758,0,0,0,0
Cloud,JSON,1,0.005128205,0,0,0,0
Orchestration,Cloud,1,0.007692308,0,0,0,0
Ansible,Development,2,0.003787879,0,0,0,0
Puppet,Development,1,0.001196172,0,0,0,0
Orchestration,Development,1,0.011363637,0,0,0,0
Automation,Development,1,8.42E-04,0,0,0,0
Ansible,Automation,1,0.00154321,0,0,0,0
Puppet,Automation,1,0.001949318,0,0,0,0
Orchestration,Automation,1,0.018518519,0,0,0,0
Ansible,Orchestration,1,0.020833334,0,0,0,0
Puppet,Orchestration,1,0.02631579,0,0,0,0
Debian,SoftwareEngineer,1,0.010989011,0,0,0,0
Linux,SoftwareEngineer,1,0.002262444,0,0,0,0
Debian,Tools,1,0.008928572,0,0,0,0
SaltStack,Linux,1,0.014705882,0,0,0,0
Debian,SaltStack,1,0.071428575,0,0,0,0
Scripting,DevOps,1,0.004901961,0,0,0,0
VMware,DevOps,1,0.003267974,0,0,0,0
CloudFoundry,Java,1,0.013157895,0,0,0,0
Chef,Java,1,0.001644737,0,0,0,0
Ruby,Java,1,0.013157895,0,0,0,0
RabbitMQ,Java,1,0.013157895,0,0,0,0
Solr,Java,2,0.021052632,0,0,0,0
MongoDB,Java,1,0.006578947,0,0,0,0
OpenStack,Java,2,0.011695907,0,0,0,0
Scala,Java,1,0.004385965,0,0,0,0
Cloud,Java,4,0.006477733,0,0,0,0
Ruby,Spring,1,0.100000001,0,0,0,0
RabbitMQ,Spring,1,0.100000001,0,0,0,0
Solr,Spring,1,0.039999999,0,0,0,0
MongoDB,Spring,1,0.050000001,0,0,0,0
Python,Spring,1,0.007142857,0,0,0,0
Scala,Spring,1,0.033333335,0,0,0,0
Development,Spring,1,0.004545454,0,0,0,0
Cloud,Spring,2,0.012307692,0,0,0,0
Ruby,Developer,1,0.004950495,0,0,0,0
RabbitMQ,Developer,1,0.004950495,0,0,0,0
Scala,Developer,2,0.00660066,0,0,0,0
CloudFoundry,Cloud,1,0.007692308,0,0,0,0
Ruby,Cloud,1,0.007692308,0,0,0,0
Solr,Cloud,1,0.003076923,0,0,0,0
CloudFoundry,Development,1,0.011363637,0,0,0,0
Chef,Development,1,0.001420455,0,0,0,0
Ruby,Development,1,0.011363637,0,0,0,0
RabbitMQ,Development,1,0.011363637,0,0,0,0
Solr,Development,2,0.018181818,0,0,0,0
MongoDB,Development,1,0.005681818,0,0,0,0
OpenStack,Development,2,0.01010101,0,0,0,0
Scala,Development,1,0.003787879,0,0,0,0
CloudFoundry,Scala,1,0.083333336,0,0,0,0
Chef,Scala,1,0.010416667,0,0,0,0
Ruby,Scala,1,0.083333336,0,0,0,0
Ansible,Scala,1,0.006944444,0,0,0,0
RabbitMQ,Scala,1,0.083333336,0,0,0,0
Solr,Scala,1,0.033333335,0,0,0,0
MongoDB,Scala,1,0.041666668,0,0,0,0
OpenStack,Scala,1,0.018518519,0,0,0,0
CloudFoundry,Python,1,0.017857144,0,0,0,0
RabbitMQ,Python,1,0.017857144,0,0,0,0
Solr,Python,1,0.007142857,0,0,0,0
MongoDB,Python,1,0.008928572,0,0,0,0
Ruby,OpenStack,1,0.055555556,0,0,0,0
RabbitMQ,OpenStack,1,0.055555556,0,0,0,0
Solr,OpenStack,1,0.022222223,0,0,0,0
MongoDB,OpenStack,1,0.027777778,0,0,0,0
CloudFoundry,MongoDB,1,0.125,0,0,0,0
Chef,MongoDB,1,0.015625,0,0,0,0
Ruby,MongoDB,1,0.125,0,0,0,0
Solr,MongoDB,1,0.050000001,0,0,0,0
CloudFoundry,Solr,1,0.100000001,0,0,0,0
Chef,Solr,1,0.0125,0,0,0,0
Ruby,Solr,1,0.100000001,0,0,0,0
Ansible,Solr,1,0.008333334,0,0,0,0
RabbitMQ,Solr,1,0.100000001,0,0,0,0
CloudFoundry,RabbitMQ,1,0.25,0,0,0,0
Chef,RabbitMQ,1,0.03125,0,0,0,0
Ruby,RabbitMQ,1,0.25,0,0,0,0
Ruby,Ansible,1,0.020833334,0,0,0,0
CloudFoundry,Ruby,1,0.25,0,0,0,0
Chef,Ruby,1,0.03125,0,0,0,0
DevOps,ContinuousIntegration,2,0.013071896,0,0,0,0
Marketing,DataScience,1,0.002267574,0,0,0,0
HTTP,BigData,1,0.002409639,0,0,0,0
MachineLearning,BigData,11,0.037380289,0,0,0,0
DataScience,BigData,9,0.046471599,0,0,1,1
HTTP,DataScience,1,0.00952381,0,0,0,0
HTTP,MachineLearning,1,0.005128205,0,0,0,0
DataMining,FrontEnd,2,0.009411764,0,0,0,0
Reporting,FrontEnd,2,0.053333335,0,0,0,0
BusinessIntelligence,FrontEnd,2,0.008421052,0,0,0,0
Reporting,BusinessIntelligence,2,0.070175439,0,0,0,0
DataMining,Reporting,2,0.078431375,0,0,0,0
DataScience,Design,8,0.057502247,5,2,0,0
MachineLearning,R,3,0.002240478,0,0,0,0
DataScience,R,1,4.62E-04,0,0,0,0
ETL,DataWarehouse,1,0.028571429,0,0,0,0
R,DataWarehouse,2,0.00776699,0,0,0,0
ETL,R,1,0.001386963,0,0,0,0
BusinessIntelligence,R,3,0.004598876,0,0,0,0
BusinessIntelligence,BigData,4,0.010145847,0,0,0,0
DataMining,MachineLearning,3,0.013574661,0,0,0,0
Visualization,Finance,1,0.055555556,0,0,0,0
BusinessIntelligence,DataEngineer,2,0.009153318,0,0,0,0
BusinessIntelligence,Design,1,9.93E-04,0,0,0,0
Finance,DataEngineer,2,0.028985508,0,0,0,0
DataMining,R,1,5.71E-04,0,0,0,0
Microservices,Developer,8,0.048743337,0,0,0,0
Automation,Developer,8,0.023469014,0,0,0,0
Microservices,Cloud,10,0.118343197,0,0,0,1
IoT,Cloud,13,0.11304348,0,0,0,0
Microservices,Automation,10,0.284900278,3,2,0,0
IoT,Automation,10,0.161030591,0,0,0,0
DevOps,Automation,21,0.320261449,0,0,0,0
IoT,DevOps,12,0.122762151,0,0,0,0
Microservices,IoT,12,0.481605351,3,1,0,0
DataMining,DataScience,5,0.070028014,0,0,0,0
Microservices,Hadoop,4,0.039702233,0,0,0,0
IoT,Hadoop,4,0.022440393,0,0,0,0
DevOps,Hadoop,5,0.015812777,0,0,0,0
Automation,Hadoop,2,0.004778972,0,0,0,0
Linux,Automation,2,0.004357298,0,0,0,0
Microservices,Linux,4,0.036199097,0,0,0,0
IoT,Linux,4,0.020460358,0,0,0,0
Robotics,Security,10,0.413223147,3,4,0,0
DevOps,Security,12,0.128342241,0,0,0,0
Automation,Security,10,0.168350175,0,0,0,0
Cloud,Security,12,0.100699298,0,0,0,0
Robotics,Cloud,8,0.089510493,0,0,0,0
Robotics,Automation,10,0.33670035,3,3,0,0
Robotics,DevOps,10,0.178253114,3,5,0,0
DevOps,BigData,13,0.039924402,0,0,0,0
Backend,BigData,12,0.086746991,0,0,0,1
Backend,Cloud,14,0.150769234,6,1,0,0
DevOps,Backend,12,0.141176477,0,0,1,1
Backend,Hadoop,1,0.001612903,0,0,0,0
Linux,Backend,3,0.013235294,0,0,0,0
Security,BigData,4,0.008762322,0,0,0,0
Backend,Security,2,0.009090909,0,0,0,0
ScrumMaster,BigData,1,0.002409639,0,0,0,0
ScrumMaster,Cloud,1,0.003076923,0,0,0,0
ScrumMaster,Backend,1,0.01,0,0,0,0
ScrumMaster,DevOps,1,0.003921569,0,0,0,0
DevOps,DataEngineer,1,8.53E-04,0,0,0,0
Backend,DataEngineer,1,0.002173913,0,0,0,0
BusinessIntelligence,Cloud,1,8.10E-04,0,0,0,0
BusinessIntelligence,Backend,1,0.002631579,0,0,0,0
BusinessIntelligence,DevOps,1,0.001031992,0,0,0,0
Microservices,Development,2,0.006993007,0,0,0,0
IoT,Development,4,0.015810277,0,0,0,0
DevOps,Development,3,0.004010695,0,0,0,0
Linux,Development,2,0.002673797,0,0,0,0
Akka,Elasticsearch,1,0.142857149,0,0,0,0
Cassandra,Elasticsearch,1,0.028571429,0,0,0,0
Scala,Elasticsearch,1,0.023809524,0,0,0,0
SoftwareEngineer,Elasticsearch,1,0.010989011,0,0,0,0
Akka,SoftwareEngineer,1,0.07692308,0,0,0,0
Cassandra,SoftwareEngineer,2,0.061538462,0,0,0,0
Scala,SoftwareEngineer,1,0.012820513,0,0,0,0
Akka,Scala,1,0.166666672,0,0,0,0
Cassandra,Scala,1,0.033333335,0,0,0,0
Akka,Cassandra,1,0.200000003,0,0,0,0
Finance,Design,1,0.003144654,0,0,0,0
AEM,R,1,0.009708738,0,0,0,0
SAS,C,1,0.090909094,0,0,0,0
SPSS,C,1,0.045454547,0,0,0,0
Tools,C,1,0.005681818,0,0,0,0
SAS,Tools,1,0.0625,0,0,0,0
SPSS,Tools,1,0.03125,0,0,0,0
SAS,R,1,0.009708738,0,0,0,0
SAS,SPSS,1,0.5,0,0,0,0
R,Oracle,1,0.003236246,0,0,0,0
Automation,R,2,0.001438332,0,0,0,0
Excel,R,1,0.002427184,0,0,0,0
BusinessIntelligence,Programming,1,0.005847953,0,0,0,0
Excel,Programming,1,0.027777778,0,0,0,0
Python,Programming,1,0.003968254,0,0,0,0
Automation,Programming,1,0.004115226,0,0,0,0
Statistics,Automation,1,0.005291005,0,0,0,0
ComputerScience,Automation,1,0.004115226,0,0,0,0
BusinessIntelligence,Automation,1,0.001949318,0,0,0,0
Excel,Automation,1,0.009259259,0,0,0,0
Python,Automation,1,0.001322751,0,0,0,0
Statistics,Python,2,0.020408163,0,0,0,0
ComputerScience,Python,1,0.003968254,0,0,0,0
BusinessIntelligence,Python,1,0.001879699,0,0,0,0
Excel,Python,1,0.008928572,0,0,0,0
Statistics,Excel,1,0.035714287,0,0,0,0
ComputerScience,Excel,1,0.027777778,0,0,0,0
Statistics,BusinessIntelligence,1,0.007518797,0,0,0,0
ComputerScience,BusinessIntelligence,1,0.005847953,0,0,0,0
Tools,BigData,1,7.53E-04,0,0,0,0
ArtificialIntelligence,DataEngineer,1,0.003344482,0,0,0,0
DataMining,Hadoop,1,0.001897533,0,0,0,0
ApacheSpark,Hadoop,1,0.032258064,0,0,0,0
ApacheSpark,DataScience,1,0.047619049,0,0,0,0
ApacheSpark,MachineLearning,1,0.025641026,0,0,0,0
DataMining,ApacheSpark,1,0.05882353,0,0,0,0
SOAP,Java,1,0.02631579,0,0,0,0
REST,Java,1,0.02631579,0,0,0,0
SOAP,BigData,1,0.012048192,0,0,0,0
Agile,BigData,2,0.004381161,0,0,0,0
REST,BigData,1,0.012048192,0,0,0,0
SOAP,REST,1,1,0,0,0,0
Agile,REST,1,0.090909094,0,0,0,0
SOAP,Agile,1,0.090909094,0,0,0,0
Architect,Java,3,0.021531101,0,0,0,0
Architect,Spring,1,0.018181818,0,0,0,0
Architect,Developer,2,0.00360036,0,0,0,0
Cloud,Architect,1,0.001398601,0,0,0,0
Automation,Design,1,6.99E-04,0,0,0,0
SoftwareDevelopment,Design,2,0.009433962,0,0,0,0
Automation,SoftwareDevelopment,1,0.00462963,0,0,0,0
Golang,Developer,1,0.00990099,0,0,0,0
Google,Developer,1,0.00990099,0,0,0,0
C++,Developer,1,0.00110011,0,0,0,0
C,Developer,1,9.00E-04,0,0,0,0
Golang,C,1,0.090909094,0,0,0,0
Google,C,1,0.090909094,0,0,0,0
Backend,C,1,0.004545454,0,0,0,0
Cloud,C,1,0.001398601,0,0,0,0
Golang,C++,1,0.111111112,0,0,0,0
Google,C++,1,0.111111112,0,0,0,0
Backend,C++,1,0.005555556,0,0,0,0
Cloud,C++,1,0.001709402,0,0,0,0
Golang,Cloud,1,0.015384615,0,0,0,0
Google,Cloud,1,0.015384615,0,0,0,0
Golang,Backend,1,0.050000001,0,0,0,0
Google,Backend,1,0.050000001,0,0,0,0
Golang,Google,1,1,0,0,0,0
Backend,SoftwareEngineer,1,0.003846154,0,0,0,0
Cloud,SoftwareEngineer,1,0.001183432,0,0,0,0
Backend,Design,1,9.43E-04,0,0,0,0
ERP,R,6,0.034951456,0,0,0,0
Python,DataWarehouse,1,0.007142857,0,0,0,0
MachineLearning,DataWarehouse,1,0.005128205,0,0,0,0
SoftwareDevelopment,DataWarehouse,1,0.025,0,0,0,0
NoSQL,DataWarehouse,1,0.022222223,0,0,0,0
Developer,DataWarehouse,1,0.001980198,0,0,0,0
NoSQL,Developer,1,0.00110011,0,0,0,0
Python,NoSQL,1,0.003968254,0,0,0,0
R,NoSQL,2,0.004314994,0,0,0,0
SoftwareDevelopment,NoSQL,1,0.013888889,0,0,0,0
SoftwareDevelopment,Hadoop,2,0.016129032,0,0,0,0
Python,SoftwareDevelopment,1,0.004464286,0,0,0,0
MachineLearning,SoftwareDevelopment,1,0.003205128,0,0,0,0
R,SoftwareDevelopment,1,0.001213592,0,0,0,0
Python,MachineLearning,2,0.003663004,0,0,0,0
Geolocation,R,1,0.009708738,0,0,0,0
Statistics,Developer,2,0.005657709,0,0,0,0
ComputerScience,Developer,3,0.00990099,0,0,0,0
ArtificialIntelligence,Developer,6,0.027418127,0,0,0,0
SoftwareEngineering,Developer,1,0.00330033,0,0,0,0
Statistics,SoftwareEngineering,1,0.047619049,0,0,0,0
ComputerScience,SoftwareEngineering,2,0.148148149,0,0,0,0
MachineLearning,SoftwareEngineering,1,0.008547009,0,0,0,0
ArtificialIntelligence,SoftwareEngineering,1,0.025641026,0,0,0,0
Statistics,ArtificialIntelligence,1,0.010989011,0,0,0,0
ComputerScience,ArtificialIntelligence,4,0.136752144,0,0,0,0
MachineLearning,ArtificialIntelligence,1,0.001972387,0,0,0,0
Statistics,MachineLearning,2,0.014652015,0,0,0,0
Administrator,Apache,1,0.055555556,0,0,0,0
SDLC,Java,1,0.005263158,0,0,0,0
Programming,Java,1,0.002923977,0,0,0,0
SDLC,SoftwareDevelopment,1,0.025,0,0,0,0
Hive,SoftwareDevelopment,1,0.008333334,0,0,0,0
Pig,SoftwareDevelopment,1,0.0078125,0,0,0,0
MapReduce,SoftwareDevelopment,1,0.020833334,0,0,0,0
Programming,SoftwareDevelopment,1,0.013888889,0,0,0,0
Cloud,SoftwareDevelopment,1,0.001923077,0,0,0,0
Programming,Cloud,1,0.001709402,0,0,0,0
SDLC,Programming,1,0.022222223,0,0,0,0
MapReduce,Programming,1,0.018518519,0,0,0,0
Development,Programming,2,0.01010101,0,0,0,0
ScrumMaster,R,1,0.001941748,0,0,0,0
ScrumMaster,Scrum,1,0.033333335,0,0,0,0
Angular,IoT,1,0.021739131,0,0,0,0
ScrumMaster,CSS,1,0.008333334,0,0,0,0
Agile,CSS,1,0.003787879,0,0,0,0
ScrumMaster,Sass,1,0.00952381,0,0,0,0
Agile,Sass,1,0.004329004,0,0,0,0
ScrumMaster,UI,1,0.015384615,0,0,0,0
Agile,UI,1,0.006993007,0,0,0,0
ScrumMaster,Agile,1,0.018181818,0,0,0,0
R,Architect,2,0.00353045,0,0,0,0
Modeling,BigData,1,0.00172117,0,0,0,0
DataMining,Modeling,1,0.008403362,0,0,0,0
Solr,Elasticsearch,3,0.257142872,0,0,0,0
Jira,Java,1,0.00877193,0,0,0,0
Eclipse,Java,1,0.02631579,0,0,0,0
WebServices,Java,1,0.02631579,0,0,0,0
Maven,Java,1,0.02631579,0,0,0,0
Jira,BigData,1,0.004016064,0,0,0,0
Eclipse,BigData,1,0.012048192,0,0,0,0
WebServices,BigData,1,0.012048192,0,0,0,0
Maven,BigData,1,0.012048192,0,0,0,0
Jira,Developer,1,0.00330033,0,0,0,0
Eclipse,Developer,1,0.00990099,0,0,0,0
WebServices,Developer,1,0.00990099,0,0,0,0
Maven,Developer,1,0.00990099,0,0,0,0
BusinessIntelligence,Maven,1,0.052631579,0,0,0,0
Jira,Maven,1,0.333333343,0,0,0,0
Eclipse,Maven,1,1,0,0,0,0
Development,Maven,1,0.022727273,0,0,0,0
WebServices,Maven,1,1,0,0,0,0
BusinessIntelligence,WebServices,1,0.052631579,0,0,0,0
Jira,WebServices,1,0.333333343,0,0,0,0
Eclipse,WebServices,1,1,0,0,0,0
Development,WebServices,1,0.022727273,0,0,0,0
Jira,Development,1,0.007575758,0,0,0,0
Eclipse,Development,1,0.022727273,0,0,0,0
BusinessIntelligence,Eclipse,1,0.052631579,0,0,0,0
Jira,Eclipse,1,0.333333343,0,0,0,0
BusinessIntelligence,Jira,1,0.01754386,0,0,0,0
OpenCV,OpenGL,2,1,0,0,0,0
Modeling,Developer,1,0.001414427,0,0,0,0
Scrum,Security,1,0.007575758,0,0,0,0
R,Security,2,0.001765225,0,0,0,0
Scrum,Cloud,1,0.002564103,0,0,0,0
ArtificialIntelligence,CSS,2,0.012820513,0,0,0,0
ArtificialIntelligence,HTML,2,0.030769231,0,0,0,0
Modeling,Design,1,0.002695418,0,0,0,0
C++,Java,1,0.002923977,0,0,0,0
C++,BigData,1,0.001338688,0,0,0,0
C,BigData,2,0.004381161,0,0,0,0
C++,Security,1,0.005050505,0,0,0,0
C,Security,1,0.004132231,0,0,0,0
DataMining,Tools,1,0.003676471,0,0,0,0
DataModeling,BigData,1,0.012048192,0,0,0,0
Robotics,Development,1,0.002066116,0,0,0,0
Robotics,AmazonWebServices,1,0.011363637,0,0,0,0
WebAnalytics,Tools,1,0.0625,0,0,0,0
Programming,BigData,1,0.001338688,0,0,0,0
DevOps,Programming,1,0.002178649,0,0,0,0
DataMining,Developer,2,0.002329645,0,0,0,0
DataMining,SoftwareDevelopment,1,0.007352941,0,0,0,0
IoT,BigData,1,5.24E-04,0,0,0,0
IoT,Design,1,8.20E-04,0,0,0,0
SIEM,Security,1,0.045454547,0,0,0,0
Network,Security,2,0.016528925,0,0,0,0
SIEM,Network,1,0.090909094,0,0,0,0
ImageProcessing,BigData,1,0.012048192,0,0,0,0
UI,Architect,1,0.006993007,0,0,0,0
UX,Architect,1,0.008264462,0,0,0,0
Backend,Architect,1,0.004545454,0,0,0,0
Android,Architect,1,0.090909094,0,0,0,0
UI,Android,1,0.07692308,0,0,0,0
UX,Android,1,0.090909094,0,0,0,0
Backend,Android,1,0.050000001,0,0,0,0
UI,Backend,1,0.003846154,0,0,0,0
UX,Backend,1,0.004545454,0,0,0,0
DataMining,Java,1,0.001547988,0,0,0,0
Statistics,Java,1,0.003759399,0,0,0,0
MachineLearning,Java,4,0.010796221,0,0,0,0
DataMining,SoftwareEngineer,1,0.004524887,0,0,0,0
Statistics,SoftwareEngineer,1,0.010989011,0,0,0,0
Python,SoftwareEngineer,1,0.002747253,0,0,0,0
MachineLearning,SoftwareEngineer,2,0.007889546,0,0,0,0
DataMining,Python,1,0.00210084,0,0,0,0
DataMining,Statistics,1,0.008403362,0,0,0,0
DatabaseAdministration,Developer,1,0.00990099,0,0,0,0
Hardware,Developer,1,0.004950495,0,0,0,0
Storage,Developer,1,0.00330033,0,0,0,0
Administrator,Developer,1,0.00330033,0,0,0,0
DatabaseAdministration,Administrator,1,0.333333343,0,0,0,0
Hardware,Administrator,1,0.166666672,0,0,0,0
Storage,Administrator,1,0.111111112,0,0,0,0
DatabaseAdministration,Storage,1,0.333333343,0,0,0,0
Hardware,Storage,1,0.166666672,0,0,0,0
DatabaseAdministration,Hardware,1,0.5,0,0,0,0
Java8,Java,1,0.02631579,0,0,0,0
Cassandra,Java,2,0.021052632,0,0,0,0
Docker,Java,1,0.003759399,0,0,0,0
AWS,Java,1,0.002631579,0,0,0,0
Java8,Spring,1,0.200000003,0,0,0,0
Cassandra,Spring,1,0.039999999,0,0,0,0
Docker,Spring,1,0.028571429,0,0,0,0
AWS,Spring,1,0.02,0,0,0,0
SoftwareEngineer,Spring,1,0.015384615,0,0,0,0
Java8,SoftwareEngineer,1,0.07692308,0,0,0,0
Docker,SoftwareEngineer,1,0.010989011,0,0,0,0
AWS,SoftwareEngineer,1,0.007692308,0,0,0,0
Java8,AWS,1,0.100000001,0,0,0,0
Cassandra,AWS,1,0.02,0,0,0,0
Java8,Docker,1,0.142857149,0,0,0,0
Cassandra,Docker,1,0.028571429,0,0,0,0
Java8,Cassandra,1,0.200000003,0,0,0,0
SoftwareEngineering,DataEngineer,1,0.014492754,0,0,0,0
ComputerScience,Java,1,0.002923977,0,0,0,0
ArtificialIntelligence,Java,1,0.002024292,0,0,0,0
ComputerScience,BigData,1,0.001338688,0,0,0,0
Solr,BigData,1,0.002409639,0,0,0,0
ArtificialIntelligence,BigData,1,9.27E-04,0,0,0,0
SoftwareDevelopment,BigData,1,0.001506024,0,0,0,0
JavaScript,BigData,1,5.24E-04,0,0,0,0
ComputerScience,Elasticsearch,1,0.015873017,0,0,0,0
Agile,Elasticsearch,1,0.012987013,0,0,0,0
ArtificialIntelligence,Elasticsearch,1,0.010989011,0,0,0,0
Development,Elasticsearch,1,0.003246753,0,0,0,0
SoftwareDevelopment,Elasticsearch,1,0.017857144,0,0,0,0
ComputerScience,JavaScript,1,0.004830918,0,0,0,0
Agile,JavaScript,1,0.003952569,0,0,0,0
AngularJS,JavaScript,1,0.008695652,0,0,0,0
ArtificialIntelligence,JavaScript,1,0.003344482,0,0,0,0
Development,JavaScript,1,9.88E-04,0,0,0,0
SoftwareDevelopment,JavaScript,1,0.005434783,0,0,0,0
ComputerScience,SoftwareDevelopment,1,0.013888889,0,0,0,0
AngularJS,SoftwareDevelopment,1,0.025,0,0,0,0
Solr,SoftwareDevelopment,1,0.025,0,0,0,0
ArtificialIntelligence,SoftwareDevelopment,1,0.009615385,0,0,0,0
HTML5,SoftwareDevelopment,1,0.015625,0,0,0,0
ComputerScience,HTML5,1,0.013888889,0,0,0,0
Agile,HTML5,1,0.011363637,0,0,0,0
Solr,HTML5,1,0.025,0,0,0,0
ArtificialIntelligence,HTML5,1,0.009615385,0,0,0,0
Development,HTML5,1,0.002840909,0,0,0,0
ComputerScience,Development,1,0.002525253,0,0,0,0
AngularJS,Development,1,0.004545454,0,0,0,0
ArtificialIntelligence,Development,1,0.001748252,0,0,0,0
Agile,ArtificialIntelligence,1,0.006993007,0,0,0,0
AngularJS,ArtificialIntelligence,1,0.015384615,0,0,0,0
Solr,ArtificialIntelligence,1,0.015384615,0,0,0,0
ComputerScience,Solr,1,0.022222223,0,0,0,0
Agile,Solr,1,0.018181818,0,0,0,0
AngularJS,Solr,1,0.039999999,0,0,0,0
ComputerScience,AngularJS,1,0.022222223,0,0,0,0
Agile,AngularJS,1,0.018181818,0,0,0,0
ComputerScience,Agile,1,0.01010101,0,0,0,0
Architect,BigData,1,0.00109529,0,0,0,0
ETL,Java,4,0.060150377,0,0,0,0
Networking,Java,1,0.013157895,0,0,0,0
ABAP,Java,3,0.078947365,0,0,0,0
ContinuousIntegration,Java,2,0.01754386,0,0,0,0
DataManagement,Java,3,0.059210528,0,0,0,0
ETL,Developer,5,0.035360679,0,0,0,0
Networking,Developer,1,0.004950495,0,0,0,0
ABAP,Developer,3,0.029702971,0,0,0,0
DataManagement,Developer,4,0.03960396,0,0,0,0
ETL,MachineLearning,3,0.032967035,0,0,0,0
Networking,MachineLearning,1,0.012820513,0,0,0,0
ABAP,MachineLearning,3,0.07692308,0,0,0,0
ContinuousIntegration,MachineLearning,2,0.017094018,0,0,0,0
DataManagement,MachineLearning,3,0.057692308,0,0,0,0
ETL,DataManagement,4,0.571428597,0,0,0,0
Networking,DataManagement,1,0.125,0,0,0,0
ABAP,DataManagement,3,0.75,0,0,0,0
ContinuousIntegration,DataManagement,2,0.166666672,0,0,0,0
ETL,ContinuousIntegration,2,0.095238097,0,0,0,0
Networking,ContinuousIntegration,1,0.083333336,0,0,0,0
ABAP,ContinuousIntegration,2,0.222222224,0,0,0,0
ETL,ABAP,3,0.428571433,0,0,0,0
Networking,ABAP,1,0.166666672,0,0,0,0
ETL,Networking,1,0.071428575,0,0,0,0
Rackspace,Java,1,0.013157895,0,0,0,0
S3,Java,1,0.013157895,0,0,0,0
EC2,Java,1,0.00877193,0,0,0,0
Rackspace,BigData,2,0.024096385,0,0,0,0
S3,BigData,2,0.024096385,0,0,0,0
EC2,BigData,2,0.016064256,0,0,0,0
OpenStack,BigData,2,0.005354752,0,0,0,0
Rackspace,Security,1,0.022727273,0,0,0,0
S3,Security,1,0.022727273,0,0,0,0
EC2,Security,1,0.015151516,0,0,0,0
OpenStack,Security,1,0.005050505,0,0,0,0
AmazonWebServices,Security,1,0.005681818,0,0,0,0
Development,Security,1,0.001033058,0,0,0,0
Rackspace,Cloud,2,0.030769231,0,0,0,0
S3,Cloud,2,0.030769231,0,0,0,0
Rackspace,Development,1,0.011363637,0,0,0,0
S3,Development,1,0.011363637,0,0,0,0
EC2,Development,1,0.007575758,0,0,0,0
Rackspace,AmazonWebServices,2,0.25,0,0,0,0
S3,AmazonWebServices,2,0.25,0,0,0,0
OpenStack,AmazonWebServices,2,0.055555556,0,0,0,0
Rackspace,OpenStack,2,0.222222224,0,0,0,0
S3,OpenStack,2,0.222222224,0,0,0,0
EC2,OpenStack,2,0.148148149,0,0,0,0
Rackspace,EC2,2,0.666666687,0,0,0,0
S3,EC2,2,0.666666687,0,0,0,0
Rackspace,S3,2,1,0,0,0,0
BusinessIntelligence,Architect,1,0.004784689,0,0,0,0
BPM,Developer,3,0.029702971,0,0,0,0
Orchestration,Developer,1,0.004950495,0,0,0,0
BPM,Architect,1,0.030303031,0,0,0,0
ETL,Architect,1,0.012987013,0,0,0,0
Orchestration,Architect,1,0.045454547,0,0,0,0
DataManagement,Architect,1,0.022727273,0,0,0,0
BPM,DataManagement,3,0.75,0,0,0,0
Orchestration,DataManagement,1,0.125,0,0,0,0
BPM,Orchestration,1,0.166666672,0,0,0,0
ETL,Orchestration,1,0.071428575,0,0,0,0
BPM,ETL,3,0.428571433,0,0,0,0
NoSQL,Java,1,0.002923977,0,0,0,0
NoSQL,BigData,2,0.005354752,0,0,0,0
Cassandra,Database,1,0.039999999,0,0,0,0
MapReduce,Database,1,0.033333335,0,0,0,0
NoSQL,Database,1,0.022222223,0,0,0,0
Cassandra,NoSQL,1,0.022222223,0,0,0,0
Hive,NoSQL,1,0.007407407,0,0,0,0
Pig,NoSQL,1,0.006944444,0,0,0,0
MapReduce,NoSQL,1,0.018518519,0,0,0,0
Cassandra,MapReduce,1,0.033333335,0,0,0,0
BPM,Java,2,0.03508772,0,0,0,0
Backend,Java,1,0.00131579,0,0,0,0
BPM,Backend,1,0.016666668,0,0,0,0
ETL,Backend,1,0.007142857,0,0,0,0
ABAP,Backend,1,0.016666668,0,0,0,0
DataManagement,Backend,1,0.0125,0,0,0,0
MachineLearning,Backend,1,0.001282051,0,0,0,0
BPM,MachineLearning,2,0.034188036,0,0,0,0
BPM,ABAP,2,0.444444448,0,0,0,0
FrontEnd,MachineLearning,1,0.001025641,0,0,0,0
FrontEnd,DataManagement,1,0.01,0,0,0,0
BPM,FrontEnd,1,0.013333334,0,0,0,0
ETL,FrontEnd,1,0.005714286,0,0,0,0
ABAP,FrontEnd,1,0.013333334,0,0,0,0
ContinuousIntegration,FrontEnd,1,0.006666667,0,0,0,0
BPM,ContinuousIntegration,1,0.055555556,0,0,0,0
Math,Java,1,0.013157895,0,0,0,0
Math,Developer,1,0.004950495,0,0,0,0
Linux,Unix,1,0.029411765,0,0,0,0
SoftwareDevelopment,Unix,1,0.125,0,0,0,0
Linux,SoftwareDevelopment,1,0.003676471,0,0,0,0
OOP,Design,1,0.018867925,0,0,0,0
TTS,Design,1,0.018867925,0,0,0,0
SDK,Design,1,0.018867925,0,0,0,0
Networking,Design,1,0.009433962,0,0,0,0
OOP,SoftwareDevelopment,1,0.125,0,0,0,0
TTS,SoftwareDevelopment,1,0.125,0,0,0,0
SDK,SoftwareDevelopment,1,0.125,0,0,0,0
Networking,SoftwareDevelopment,1,0.0625,0,0,0,0
OOP,Networking,1,0.5,0,0,0,0
TTS,Networking,1,0.5,0,0,0,0
SDK,Networking,1,0.5,0,0,0,0
OOP,SDK,1,1,0,0,0,0
TTS,SDK,1,1,0,0,0,0
OOP,TTS,1,1,0,0,0,0
??,BigData,1,0.003012048,0,0,0,0
??,Hadoop,1,0.008064516,0,0,0,0
??,MachineLearning,1,0.006410256,0,0,0,0
Hive,MachineLearning,1,0.001709402,0,0,0,0
Spark,MachineLearning,2,0.010256411,0,0,0,0
??,Spark,1,0.025,0,0,0,0
??,Hive,1,0.016666668,0,0,0,0
??,NoSQL,1,0.027777778,0,0,0,0
IoT,NoSQL,1,0.004830918,0,0,0,0
Storage,NoSQL,1,0.037037037,0,0,0,0
Azure,NoSQL,1,0.111111112,0,0,0,0
??,Azure,1,0.25,0,0,0,0
IoT,Azure,1,0.043478262,0,0,0,0
Storage,Azure,1,0.333333343,0,0,0,0
??,Storage,1,0.083333336,0,0,0,0
IoT,Storage,1,0.014492754,0,0,0,0
??,IoT,1,0.010869565,0,0,0,0
Reporting,NoSQL,1,0.037037037,0,0,0,0
Reporting,SQL,1,0.027777778,0,0,0,0
Reporting,DataEngineer,1,0.014492754,0,0,0,0
Reporting,Hadoop,1,0.010752688,0,0,0,0
Reporting,MachineLearning,1,0.008547009,0,0,0,0
Chef,Marketing,2,0.011904762,0,0,0,0
FullStack,C,1,0.018181818,0,0,0,0
Marketing,MachineLearning,1,0.001221001,0,0,0,0
ContinuousIntegration,Automation,1,0.00617284,0,0,0,0
MySQL,Java,1,0.003759399,0,0,0,0
ETL,MySQL,1,0.020408163,0,0,0,0
MATLAB,BigData,1,0.006024096,0,0,0,0
Spark,NoSQL,1,0.011111111,0,0,0,0
MATLAB,NoSQL,1,0.055555556,0,0,0,0
MATLAB,SQL,1,0.041666668,0,0,0,0
MATLAB,MachineLearning,1,0.012820513,0,0,0,0
Spark,MATLAB,1,0.050000001,0,0,0,0
